player_name,season,team,age,games_played,minutes_per_game,points_per_game,rebounds_per_game,assists_per_game,steals_per_game,blocks_per_game,turnovers_per_game,field_goal_pct,three_point_pct,free_throw_pct,plus_minus,all_star,prior_all_star_selections
AJ Griffin,2022-23,ATL,19.0,72,19.5,8.9,2.1,1.0,0.6,0.2,0.6,0.465,0.39,0.894,0.9,0,0
Aaron Gordon,2019-20,ORL,24.0,62,32.5,14.4,7.7,3.7,0.8,0.6,1.6,0.437,0.308,0.674,-1.1,0,0
Aaron Gordon,2020-21,DEN,25.0,50,27.7,12.4,5.7,3.2,0.7,0.7,1.9,0.463,0.335,0.651,1.2,0,0
Aaron Gordon,2021-22,DEN,26.0,75,31.7,15.0,5.9,2.5,0.6,0.6,1.8,0.52,0.335,0.743,4.3,0,0
Aaron Gordon,2022-23,DEN,27.0,68,30.2,16.3,6.6,3.0,0.8,0.8,1.4,0.564,0.347,0.608,7.6,0,0
Aaron Gordon,2023-24,DEN,28.0,73,31.5,13.9,6.5,3.5,0.8,0.6,1.4,0.556,0.29,0.658,5.8,0,0
Aaron Holiday,2019-20,IND,23.0,66,24.5,9.5,2.4,3.4,0.8,0.2,1.3,0.414,0.394,0.851,1.7,0,0
Aaron Holiday,2020-21,IND,24.0,66,17.8,7.2,1.3,1.9,0.7,0.2,1.0,0.39,0.368,0.819,0.0,0,0
Aaron Holiday,2021-22,PHX,25.0,63,16.2,6.3,1.9,2.4,0.7,0.1,1.1,0.447,0.379,0.868,-0.6,0,0
Aaron Holiday,2023-24,HOU,27.0,78,16.3,6.6,1.6,1.8,0.5,0.1,0.7,0.446,0.387,0.921,1.1,0,0
Aaron Nesmith,2022-23,IND,23.0,73,24.9,10.1,3.8,1.3,0.8,0.5,1.0,0.427,0.366,0.838,-2.9,0,0
Aaron Nesmith,2023-24,IND,24.0,72,27.7,12.2,3.8,1.5,0.9,0.7,0.9,0.496,0.419,0.781,2.2,0,0
Aaron Wiggins,2021-22,OKC,23.0,50,24.2,8.3,3.6,1.4,0.6,0.2,1.1,0.463,0.304,0.729,-4.7,0,0
Aaron Wiggins,2022-23,OKC,24.0,70,18.5,6.8,3.0,1.1,0.6,0.2,0.8,0.512,0.393,0.831,0.1,0,0
Aaron Wiggins,2023-24,OKC,25.0,78,15.7,6.9,2.4,1.1,0.7,0.2,0.7,0.562,0.492,0.789,1.2,0,0
Abdel Nader,2019-20,OKC,26.0,55,15.8,6.3,1.8,0.7,0.4,0.4,0.8,0.468,0.375,0.773,-1.5,0,0
Al Horford,2019-20,PHI,34.0,67,30.2,11.9,6.8,4.0,0.8,0.9,1.2,0.45,0.35,0.763,1.9,0,0
Al Horford,2021-22,BOS,36.0,69,29.1,10.2,7.7,3.4,0.7,1.3,0.9,0.467,0.336,0.842,5.6,0,0
Al Horford,2022-23,BOS,37.0,63,30.5,9.8,6.2,3.0,0.5,1.0,0.6,0.476,0.446,0.714,4.9,0,0
Al Horford,2023-24,BOS,38.0,65,26.8,8.6,6.4,2.6,0.6,1.0,0.7,0.511,0.419,0.867,6.5,0,0
Alec Burks,2019-20,PHI,28.0,66,26.6,15.0,4.3,2.9,0.9,0.3,1.4,0.418,0.385,0.887,-3.4,0,0
Alec Burks,2020-21,NYK,29.0,49,25.6,12.7,4.6,2.2,0.6,0.3,1.0,0.42,0.415,0.856,2.6,0,0
Alec Burks,2021-22,NYK,30.0,81,28.6,11.7,4.9,3.0,1.0,0.3,1.1,0.391,0.404,0.822,1.5,0,0
Alec Burks,2022-23,DET,31.0,51,22.0,12.8,3.1,2.2,0.7,0.2,1.1,0.436,0.414,0.814,-0.1,0,0
Alec Burks,2023-24,NYK,32.0,66,18.4,10.4,2.3,1.3,0.4,0.2,0.7,0.369,0.376,0.868,-3.9,0,0
Aleksej Pokusevski,2020-21,OKC,19.0,45,24.2,8.2,4.7,2.2,0.4,0.9,2.2,0.341,0.28,0.738,-8.7,0,0
Aleksej Pokusevski,2021-22,OKC,20.0,61,20.2,7.6,5.2,2.1,0.6,0.6,1.5,0.408,0.289,0.7,-0.7,0,0
Aleksej Pokusevski,2022-23,OKC,21.0,34,20.6,8.1,4.7,1.9,0.6,1.3,1.3,0.434,0.365,0.629,-5.8,0,0
Alex Caruso,2019-20,LAL,26.0,64,18.4,5.5,1.9,1.9,1.1,0.3,0.8,0.412,0.333,0.734,3.8,0,0
Alex Caruso,2020-21,LAL,27.0,58,21.0,6.4,2.9,2.8,1.1,0.3,1.3,0.436,0.401,0.645,2.1,0,0
Alex Caruso,2021-22,CHI,28.0,41,28.0,7.4,3.6,4.0,1.7,0.4,1.4,0.398,0.333,0.795,2.7,0,0
Alex Caruso,2022-23,CHI,29.0,67,23.5,5.6,2.9,2.9,1.5,0.7,1.1,0.455,0.364,0.808,3.0,0,0
Alex Caruso,2023-24,CHI,30.0,71,28.7,10.1,3.8,3.5,1.7,1.0,1.4,0.468,0.408,0.76,0.1,0,0
Alex Len,2019-20,SAC,27.0,55,17.6,8.0,5.8,0.9,0.4,0.9,1.0,0.555,0.271,0.648,-2.0,0,0
Alex Len,2020-21,WAS,28.0,64,15.3,6.6,4.1,0.8,0.3,1.0,0.9,0.615,0.32,0.629,-1.5,0,0
Alex Len,2021-22,SAC,29.0,39,15.9,6.0,4.1,1.2,0.3,0.6,1.1,0.534,0.286,0.651,-1.9,0,0
Allen Crabbe,2019-20,MIN,28.0,37,17.6,4.6,2.1,0.9,0.4,0.1,0.5,0.356,0.303,0.714,-6.0,0,0
Alperen Sengun,2021-22,HOU,19.0,72,20.7,9.6,5.5,2.6,0.8,0.9,2.0,0.474,0.248,0.711,-4.3,0,0
Alperen Sengun,2022-23,HOU,20.0,75,28.9,14.8,9.0,3.9,0.9,0.9,2.6,0.553,0.333,0.715,-3.8,0,0
Alperen Sengun,2023-24,HOU,21.0,63,32.5,21.1,9.3,5.0,1.2,0.7,2.6,0.537,0.297,0.693,0.8,0,0
Amen Thompson,2023-24,HOU,21.0,62,22.4,9.5,6.6,2.6,1.3,0.6,1.5,0.536,0.138,0.684,0.7,0,0
Amir Coffey,2021-22,LAC,25.0,69,22.7,9.0,2.9,1.8,0.6,0.2,0.7,0.453,0.378,0.863,-0.7,0,0
Amir Coffey,2023-24,LAC,27.0,70,20.9,6.6,2.1,1.1,0.6,0.2,0.5,0.472,0.38,0.859,-1.3,0,0
Andre Drummond,2019-20,CLE,26.0,57,33.0,17.7,15.2,2.7,1.9,1.6,3.6,0.533,0.143,0.575,-3.4,0,0
Andre Drummond,2020-21,LAL,27.0,46,27.0,14.9,12.0,2.0,1.4,1.1,2.7,0.493,0.0,0.6,-2.3,0,0
Andre Drummond,2021-22,BKN,28.0,73,19.7,7.9,9.3,1.8,1.1,0.9,1.6,0.57,0.0,0.524,0.5,0,0
Andre Drummond,2023-24,CHI,30.0,79,17.1,8.4,9.0,0.5,0.9,0.6,1.0,0.556,0.0,0.592,0.3,0,0
Andre Iguodala,2020-21,MIA,37.0,63,21.3,4.4,3.5,2.3,0.9,0.6,1.1,0.383,0.33,0.658,-1.3,0,0
Andre Iguodala,2021-22,GSW,38.0,31,19.4,4.0,3.2,3.7,0.9,0.7,0.9,0.38,0.23,0.75,3.7,0,0
Andrew Nembhard,2022-23,IND,23.0,75,27.6,9.5,2.7,4.5,0.9,0.2,1.7,0.441,0.35,0.79,-3.5,0,0
Andrew Nembhard,2023-24,IND,24.0,68,25.0,9.2,2.1,4.1,0.9,0.1,1.5,0.498,0.357,0.804,1.0,0,0
Andrew Wiggins,2019-20,GSW,25.0,54,34.4,21.8,5.1,3.7,0.8,1.0,2.4,0.447,0.332,0.709,-3.7,0,0
Andrew Wiggins,2020-21,GSW,26.0,71,33.3,18.6,4.9,2.4,0.9,1.0,1.8,0.477,0.38,0.714,0.0,0,0
Andrew Wiggins,2021-22,GSW,27.0,73,31.9,17.2,4.5,2.2,1.0,0.7,1.5,0.466,0.393,0.634,3.6,1,0
Andrew Wiggins,2022-23,GSW,28.0,37,32.2,17.1,5.0,2.3,1.2,0.8,1.3,0.473,0.396,0.611,3.2,0,1
Andrew Wiggins,2023-24,GSW,29.0,71,27.0,13.2,4.5,1.7,0.6,0.6,1.2,0.453,0.358,0.751,-0.8,0,1
Anfernee Simons,2019-20,POR,21.0,70,20.7,8.3,2.2,1.4,0.4,0.1,0.9,0.399,0.332,0.826,-3.5,0,0
Anfernee Simons,2020-21,POR,22.0,64,17.3,7.8,2.2,1.4,0.3,0.1,0.7,0.419,0.426,0.807,0.7,0,0
Anfernee Simons,2021-22,POR,23.0,57,29.5,17.3,2.6,3.9,0.5,0.1,2.0,0.443,0.405,0.888,-1.5,0,0
Anfernee Simons,2022-23,POR,24.0,62,35.0,21.1,2.6,4.1,0.7,0.2,2.1,0.447,0.377,0.894,-1.2,0,0
Anfernee Simons,2023-24,POR,25.0,46,34.4,22.6,3.6,5.5,0.5,0.1,2.7,0.43,0.385,0.916,-7.2,0,0
Anthony Black,2023-24,ORL,20.0,69,16.9,4.6,2.0,1.3,0.5,0.3,0.8,0.466,0.394,0.613,-0.5,0,0
Anthony Davis,2019-20,LAL,27.0,62,34.4,26.1,9.3,3.2,1.5,2.3,2.5,0.503,0.33,0.846,3.9,1,0
Anthony Davis,2020-21,LAL,28.0,36,32.3,21.8,7.9,3.1,1.3,1.6,2.1,0.491,0.26,0.738,3.2,1,1
Anthony Davis,2021-22,LAL,29.0,40,35.1,23.2,9.9,3.1,1.2,2.3,2.1,0.532,0.186,0.713,-2.3,0,2
Anthony Davis,2022-23,LAL,30.0,56,34.0,25.9,12.5,2.6,1.1,2.0,2.2,0.563,0.257,0.784,3.7,0,2
Anthony Davis,2023-24,LAL,31.0,76,35.5,24.7,12.6,3.5,1.2,2.3,2.1,0.556,0.271,0.816,2.0,1,2
Anthony Edwards,2020-21,MIN,19.0,72,32.1,19.3,4.7,2.9,1.1,0.5,2.2,0.417,0.329,0.776,-3.2,0,0
Anthony Edwards,2021-22,MIN,20.0,72,34.2,21.3,4.8,3.8,1.5,0.6,2.6,0.441,0.357,0.786,2.6,0,0
Anthony Edwards,2022-23,MIN,21.0,79,36.0,24.6,5.8,4.4,1.6,0.7,3.3,0.459,0.369,0.756,1.2,1,0
Anthony Edwards,2023-24,MIN,22.0,79,35.1,25.9,5.4,5.1,1.3,0.5,3.1,0.461,0.357,0.836,5.5,1,1
Anthony Lamb,2022-23,GSW,25.0,62,19.3,6.7,3.5,1.5,0.5,0.3,0.9,0.471,0.367,0.767,0.5,0,0
Anthony Tolliver,2019-20,MEM,35.0,55,15.9,3.6,2.8,0.8,0.3,0.2,0.6,0.357,0.338,0.724,-1.9,0,0
Armoni Brooks,2021-22,TOR,24.0,54,15.6,5.3,1.9,1.1,0.5,0.2,0.5,0.339,0.297,0.857,-1.5,0,0
Aron Baynes,2019-20,PHX,33.0,42,22.2,11.5,5.6,1.6,0.2,0.5,1.2,0.48,0.351,0.747,-1.1,0,0
Aron Baynes,2020-21,TOR,34.0,53,18.5,6.1,5.2,0.9,0.3,0.4,0.9,0.441,0.262,0.707,-1.5,0,0
Ausar Thompson,2023-24,DET,21.0,63,25.1,8.8,6.4,1.9,1.1,0.9,1.3,0.483,0.186,0.597,-3.7,0,0
Austin Reaves,2021-22,LAL,24.0,61,23.2,7.3,3.2,1.8,0.5,0.3,0.7,0.459,0.317,0.839,0.9,0,0
Austin Reaves,2022-23,LAL,25.0,64,28.8,13.0,3.0,3.4,0.5,0.3,1.5,0.529,0.398,0.864,3.3,0,0
Austin Reaves,2023-24,LAL,26.0,82,32.1,15.9,4.3,5.5,0.8,0.3,2.1,0.486,0.367,0.853,-0.5,0,0
Austin Rivers,2019-20,HOU,27.0,68,23.4,8.8,2.6,1.7,0.7,0.1,0.7,0.421,0.356,0.703,1.2,0,0
Austin Rivers,2020-21,DEN,28.0,36,23.5,7.9,2.3,2.3,0.8,0.1,1.0,0.424,0.369,0.71,0.3,0,0
Austin Rivers,2021-22,DEN,29.0,67,22.1,6.0,1.7,1.3,0.8,0.1,0.8,0.417,0.342,0.727,0.8,0,0
Austin Rivers,2022-23,MIN,30.0,52,19.5,4.9,1.6,1.4,0.5,0.1,0.4,0.435,0.35,0.769,-2.7,0,0
Avery Bradley,2019-20,LAL,29.0,49,24.2,8.6,2.3,1.3,0.9,0.1,1.0,0.444,0.364,0.833,3.7,0,0
Avery Bradley,2021-22,LAL,31.0,62,22.7,6.4,2.2,0.8,0.9,0.1,0.6,0.423,0.39,0.889,-2.9,0,0
Ayo Dosunmu,2021-22,CHI,22.0,77,27.4,8.8,2.8,3.3,0.8,0.4,1.4,0.52,0.376,0.679,-2.6,0,0
Ayo Dosunmu,2022-23,CHI,23.0,80,26.2,8.6,2.8,2.6,0.8,0.3,1.2,0.493,0.312,0.805,-1.0,0,0
Ayo Dosunmu,2023-24,CHI,24.0,76,29.1,12.2,2.8,3.2,0.9,0.5,1.4,0.501,0.403,0.81,-2.1,0,0
Bam Adebayo,2019-20,MIA,22.0,72,33.6,15.9,10.2,5.1,1.1,1.3,2.8,0.557,0.143,0.691,3.4,1,0
Bam Adebayo,2020-21,MIA,23.0,64,33.5,18.7,9.0,5.4,1.2,1.0,2.6,0.57,0.25,0.799,0.4,0,1
Bam Adebayo,2021-22,MIA,24.0,56,32.6,19.1,10.1,3.4,1.4,0.8,2.6,0.557,0.0,0.753,5.4,0,1
Bam Adebayo,2022-23,MIA,25.0,75,34.6,20.4,9.2,3.2,1.2,0.8,2.5,0.54,0.083,0.806,1.6,1,1
Bam Adebayo,2023-24,MIA,26.0,71,34.0,19.3,10.4,3.9,1.1,0.9,2.3,0.521,0.357,0.755,0.7,1,2
Ben McLemore,2019-20,HOU,27.0,71,22.8,10.1,2.2,0.8,0.6,0.2,0.7,0.444,0.4,0.746,2.6,0,0
Ben McLemore,2020-21,LAL,28.0,53,17.1,7.7,1.9,0.7,0.4,0.2,0.8,0.37,0.346,0.736,-1.9,0,0
Ben McLemore,2021-22,POR,29.0,64,20.1,10.2,1.6,0.9,0.6,0.2,0.9,0.401,0.362,0.818,-5.5,0,0
Ben Simmons,2019-20,PHI,23.0,57,35.4,16.4,7.8,8.0,2.1,0.6,3.5,0.58,0.286,0.621,1.1,0,0
Ben Simmons,2020-21,PHI,24.0,58,32.4,14.3,7.2,6.9,1.6,0.6,3.0,0.557,0.3,0.613,5.7,1,0
Ben Simmons,2022-23,BKN,26.0,42,26.3,6.9,6.3,6.1,1.3,0.6,2.3,0.566,0.0,0.439,1.0,0,1
Bennedict Mathurin,2022-23,IND,21.0,78,28.5,16.7,4.1,1.5,0.6,0.2,1.9,0.434,0.323,0.828,-2.3,0,0
Bennedict Mathurin,2023-24,IND,22.0,59,26.1,14.5,4.0,2.0,0.6,0.2,1.6,0.446,0.374,0.821,-1.6,0,0
Bilal Coulibaly,2023-24,WAS,19.0,63,27.2,8.4,4.1,1.7,0.9,0.8,1.4,0.435,0.346,0.702,-6.7,0,0
Bismack Biyombo,2019-20,CHA,27.0,53,19.4,7.4,5.8,0.9,0.2,0.9,0.9,0.543,0.0,0.603,-2.9,0,0
Bismack Biyombo,2020-21,CHA,28.0,66,20.4,5.0,5.3,1.2,0.3,1.1,1.1,0.587,0.0,0.448,-4.2,0,0
Bismack Biyombo,2023-24,OKC,31.0,40,19.8,4.4,5.2,1.3,0.3,0.9,1.1,0.565,0.0,0.481,-1.6,0,0
Blake Griffin,2020-21,BKN,32.0,46,25.8,11.0,4.9,3.0,0.7,0.3,1.3,0.423,0.341,0.744,1.3,0,0
Blake Griffin,2021-22,BKN,33.0,56,17.1,6.4,4.1,1.9,0.5,0.3,0.6,0.425,0.262,0.724,-1.7,0,0
Blake Wesley,2022-23,SAS,20.0,37,18.1,5.0,2.2,2.6,0.7,0.1,1.8,0.321,0.385,0.591,-5.4,0,0
Bobby Portis,2019-20,NYK,25.0,66,21.1,10.1,5.1,1.5,0.5,0.3,1.1,0.45,0.358,0.763,-2.9,0,0
Bobby Portis,2020-21,MIL,26.0,66,20.8,11.4,7.1,1.1,0.8,0.4,0.8,0.523,0.471,0.74,2.1,0,0
Bobby Portis,2021-22,MIL,27.0,72,28.2,14.6,9.1,1.2,0.7,0.7,1.3,0.479,0.393,0.752,4.4,0,0
Bobby Portis,2022-23,MIL,28.0,70,26.0,14.1,9.6,1.5,0.4,0.2,1.2,0.496,0.37,0.768,0.2,0,0
Bobby Portis,2023-24,MIL,29.0,82,24.5,13.8,7.4,1.3,0.8,0.4,1.1,0.508,0.407,0.79,-0.1,0,0
Bogdan Bogdanović,2019-20,SAC,27.0,61,28.9,15.1,3.4,3.4,1.0,0.2,1.7,0.44,0.372,0.741,-0.7,0,0
Bogdan Bogdanović,2020-21,ATL,28.0,44,29.7,16.4,3.6,3.3,1.1,0.3,1.2,0.473,0.438,0.909,2.5,0,0
Bogdan Bogdanović,2021-22,ATL,29.0,63,29.3,15.1,4.0,3.1,1.1,0.2,1.1,0.431,0.368,0.843,3.0,0,0
Bogdan Bogdanović,2022-23,ATL,30.0,54,27.9,14.0,3.1,2.8,0.8,0.3,1.2,0.447,0.406,0.831,1.2,0,0
Bogdan Bogdanović,2023-24,ATL,31.0,79,30.4,16.9,3.4,3.1,1.2,0.3,1.4,0.428,0.374,0.921,1.6,0,0
Bojan Bogdanovic,2019-20,UTA,31.0,63,33.1,20.2,4.1,2.1,0.5,0.1,2.5,0.447,0.414,0.903,4.2,0,0
Bojan Bogdanovic,2020-21,UTA,32.0,72,30.8,17.0,3.9,1.9,0.6,0.1,1.8,0.439,0.39,0.879,5.8,0,0
Bojan Bogdanovic,2021-22,UTA,33.0,69,30.9,18.1,4.3,1.7,0.5,0.0,1.7,0.455,0.387,0.858,3.2,0,0
Bojan Bogdanovic,2022-23,DET,34.0,59,32.1,21.6,3.8,2.6,0.6,0.1,2.3,0.488,0.411,0.884,-5.6,0,0
Bojan Bogdanovic,2023-24,NYK,35.0,57,25.9,15.2,2.7,1.7,0.5,0.1,1.8,0.454,0.398,0.785,-6.1,0,0
Bol Bol,2022-23,ORL,23.0,70,21.5,9.1,5.8,1.0,0.4,1.2,1.6,0.546,0.265,0.759,-2.1,0,0
Bones Hyland,2021-22,DEN,21.0,69,19.0,10.1,2.7,2.8,0.6,0.3,1.2,0.403,0.366,0.856,0.6,0,0
Bones Hyland,2022-23,LAC,22.0,56,19.4,11.8,2.4,3.1,0.7,0.3,1.5,0.399,0.371,0.843,-2.3,0,0
Brad Wanamaker,2019-20,BOS,30.0,71,19.3,6.9,2.0,2.5,0.9,0.2,1.1,0.448,0.363,0.926,1.9,0,0
Brad Wanamaker,2020-21,CHA,31.0,61,17.3,5.5,1.7,2.9,0.7,0.2,1.2,0.385,0.188,0.891,-2.1,0,0
Bradley Beal,2019-20,WAS,27.0,57,36.0,30.5,4.2,6.1,1.2,0.4,3.4,0.455,0.353,0.842,-3.5,0,0
Bradley Beal,2020-21,WAS,28.0,60,35.8,31.3,4.7,4.4,1.2,0.4,3.1,0.485,0.349,0.889,-0.1,1,0
Bradley Beal,2021-22,WAS,29.0,40,36.0,23.2,4.7,6.6,0.9,0.4,3.4,0.451,0.3,0.833,-2.6,0,1
Bradley Beal,2022-23,WAS,30.0,50,33.5,23.2,3.9,5.4,0.9,0.7,2.9,0.506,0.365,0.842,0.8,0,1
Bradley Beal,2023-24,PHX,31.0,53,33.3,18.2,4.4,5.0,1.0,0.5,2.5,0.513,0.43,0.813,2.0,0,1
Brandin Podziemski,2023-24,GSW,21.0,74,26.6,9.2,5.8,3.7,0.8,0.2,1.2,0.454,0.385,0.633,3.6,0,0
Brandon Clarke,2019-20,MEM,23.0,58,22.4,12.1,5.9,1.4,0.6,0.8,0.9,0.618,0.359,0.759,-0.3,0,0
Brandon Clarke,2020-21,MEM,24.0,59,24.0,10.3,5.6,1.6,1.0,0.9,0.6,0.517,0.26,0.69,-0.3,0,0
Brandon Clarke,2021-22,MEM,25.0,64,19.5,10.4,5.3,1.3,0.6,1.1,0.5,0.644,0.227,0.654,2.8,0,0
Brandon Clarke,2022-23,MEM,26.0,56,19.5,10.0,5.5,1.3,0.6,0.7,1.0,0.656,0.167,0.719,-0.3,0,0
Brandon Ingram,2019-20,NOP,22.0,62,33.9,23.8,6.1,4.2,1.0,0.6,3.0,0.463,0.391,0.851,-0.7,1,0
Brandon Ingram,2020-21,NOP,23.0,61,34.3,23.8,4.9,4.9,0.7,0.6,2.5,0.466,0.381,0.878,0.7,0,1
Brandon Ingram,2021-22,NOP,24.0,55,34.0,22.7,5.8,5.6,0.6,0.5,2.7,0.461,0.327,0.826,2.2,0,1
Brandon Ingram,2022-23,NOP,25.0,45,34.2,24.7,5.5,5.8,0.7,0.4,3.3,0.484,0.39,0.882,2.1,0,1
Brandon Ingram,2023-24,NOP,26.0,64,32.9,20.8,5.1,5.7,0.8,0.6,2.5,0.492,0.355,0.801,2.7,0,1
Brandon Miller,2023-24,CHA,21.0,74,32.2,17.3,4.3,2.4,0.9,0.6,1.8,0.44,0.373,0.827,-6.9,0,0
Brice Sensabaugh,2023-24,UTA,20.0,32,18.3,7.5,3.2,1.7,0.4,0.2,1.5,0.39,0.296,0.902,-5.4,0,0
Brook Lopez,2019-20,MIL,32.0,68,26.7,12.0,4.6,1.5,0.7,2.4,1.0,0.435,0.314,0.836,7.7,0,0
Brook Lopez,2020-21,MIL,33.0,70,27.2,12.3,5.0,0.7,0.6,1.5,0.9,0.503,0.338,0.845,4.5,0,0
Brook Lopez,2022-23,MIL,35.0,78,30.4,15.9,6.7,1.3,0.5,2.5,1.4,0.531,0.374,0.784,5.1,0,0
Brook Lopez,2023-24,MIL,36.0,79,30.5,12.5,5.2,1.6,0.5,2.4,1.0,0.485,0.366,0.821,3.5,0,0
Bruce Brown,2019-20,DET,23.0,58,28.2,8.9,4.7,4.0,1.1,0.5,1.7,0.443,0.344,0.739,-2.4,0,0
Bruce Brown,2020-21,BKN,24.0,65,22.3,8.8,5.4,1.6,0.9,0.4,0.8,0.556,0.288,0.735,1.1,0,0
Bruce Brown,2021-22,BKN,25.0,72,24.6,9.0,4.8,2.1,1.1,0.7,0.8,0.506,0.404,0.758,-0.6,0,0
Bruce Brown,2022-23,DEN,26.0,80,28.5,11.5,4.1,3.4,1.1,0.6,1.5,0.483,0.358,0.758,0.4,0,0
Bruce Brown,2023-24,TOR,27.0,67,27.8,10.8,4.2,2.9,0.9,0.3,1.3,0.478,0.323,0.824,-3.4,0,0
Bruno Fernando,2023-24,ATL,25.0,45,15.2,6.3,4.3,1.0,0.6,0.6,1.0,0.583,0.0,0.667,-2.1,0,0
Bryce McGowens,2022-23,CHA,20.0,46,17.1,5.3,2.0,1.2,0.3,0.1,0.9,0.396,0.325,0.75,-3.3,0,0
Bryn Forbes,2019-20,SAS,26.0,63,25.1,11.2,2.0,1.7,0.5,0.0,0.9,0.417,0.388,0.833,-3.4,0,0
Bryn Forbes,2020-21,MIL,27.0,70,19.3,10.0,1.6,0.6,0.3,0.0,0.6,0.473,0.452,0.77,1.4,0,0
Bryn Forbes,2021-22,DEN,28.0,75,17.1,8.8,1.2,1.0,0.3,0.1,0.7,0.429,0.414,0.908,0.3,0,0
Buddy Hield,2019-20,SAC,27.0,72,30.8,19.2,4.6,3.0,0.9,0.2,2.3,0.429,0.394,0.846,-1.5,0,0
Buddy Hield,2020-21,SAC,28.0,71,34.3,16.6,4.7,3.6,0.9,0.4,1.8,0.406,0.391,0.846,-0.8,0,0
Buddy Hield,2021-22,IND,29.0,81,30.8,15.6,4.4,2.8,0.9,0.3,1.9,0.406,0.366,0.874,-2.0,0,0
Buddy Hield,2022-23,IND,30.0,80,31.0,16.8,5.0,2.8,1.2,0.3,1.7,0.458,0.425,0.822,-1.1,0,0
Buddy Hield,2023-24,PHI,31.0,84,25.7,12.1,3.2,2.8,0.8,0.5,1.2,0.436,0.386,0.881,0.8,0,0
CJ Elleby,2021-22,POR,22.0,58,20.2,5.8,3.9,1.5,0.6,0.3,1.0,0.393,0.294,0.714,-6.0,0,0
CJ McCollum,2019-20,POR,28.0,70,36.5,22.2,4.2,4.4,0.8,0.6,1.8,0.451,0.379,0.757,0.2,0,0
CJ McCollum,2020-21,POR,29.0,47,34.0,23.1,3.9,4.7,0.9,0.4,1.4,0.458,0.402,0.812,4.4,0,0
CJ McCollum,2021-22,NOP,30.0,62,34.6,22.1,4.3,5.1,1.1,0.4,2.0,0.46,0.388,0.682,-1.1,0,0
CJ McCollum,2022-23,NOP,31.0,75,35.3,20.9,4.4,5.7,0.9,0.5,2.4,0.437,0.389,0.769,0.8,0,0
CJ McCollum,2023-24,NOP,32.0,66,32.7,20.0,4.3,4.6,0.9,0.6,1.7,0.459,0.429,0.827,3.0,0,0
Cade Cunningham,2021-22,DET,20.0,64,32.6,17.4,5.5,5.6,1.2,0.7,3.7,0.416,0.314,0.845,-4.3,0,0
Cade Cunningham,2023-24,DET,22.0,62,33.5,22.7,4.3,7.5,0.9,0.4,3.4,0.449,0.355,0.869,-5.6,0,0
Caleb Houstan,2022-23,ORL,20.0,51,15.9,3.8,1.9,0.6,0.2,0.1,0.4,0.363,0.338,0.833,-1.6,0,0
Caleb Martin,2020-21,CHA,25.0,53,15.4,5.0,2.7,1.3,0.7,0.2,0.6,0.375,0.248,0.641,-1.9,0,0
Caleb Martin,2021-22,MIA,26.0,60,22.9,9.2,3.8,1.1,1.0,0.5,0.9,0.507,0.413,0.763,2.6,0,0
Caleb Martin,2022-23,MIA,27.0,71,29.3,9.6,4.8,1.6,1.0,0.4,1.1,0.464,0.356,0.805,-0.1,0,0
Caleb Martin,2023-24,MIA,28.0,64,27.4,10.0,4.4,2.2,0.7,0.5,1.2,0.431,0.349,0.778,1.0,0,0
Cam Reddish,2019-20,ATL,20.0,58,26.7,10.5,3.7,1.5,1.1,0.5,1.7,0.384,0.332,0.802,-4.2,0,0
Cam Reddish,2021-22,NYK,22.0,49,20.7,10.1,2.1,1.0,1.0,0.3,1.2,0.404,0.359,0.902,-4.4,0,0
Cam Reddish,2022-23,POR,23.0,40,24.7,9.7,2.2,1.4,1.0,0.4,1.2,0.446,0.313,0.853,-4.8,0,0
Cam Reddish,2023-24,LAL,24.0,48,20.5,5.4,2.1,1.0,1.0,0.3,0.6,0.389,0.336,0.759,-1.0,0,0
Cam Thomas,2021-22,BKN,20.0,67,17.6,8.5,2.4,1.2,0.5,0.1,0.8,0.433,0.27,0.829,-2.1,0,0
Cam Thomas,2022-23,BKN,21.0,57,16.6,10.6,1.7,1.4,0.4,0.1,1.1,0.441,0.383,0.868,-0.1,0,0
Cam Thomas,2023-24,BKN,22.0,66,31.4,22.5,3.2,2.9,0.7,0.2,1.9,0.442,0.364,0.856,-3.0,0,0
Cam Whitmore,2023-24,HOU,19.0,47,18.7,12.3,3.8,0.7,0.6,0.4,1.0,0.454,0.359,0.679,-0.6,0,0
Cameron Johnson,2019-20,PHX,24.0,57,22.0,8.8,3.3,1.2,0.6,0.4,0.6,0.435,0.39,0.807,0.2,0,0
Cameron Johnson,2020-21,PHX,25.0,60,24.0,9.6,3.3,1.4,0.6,0.3,0.7,0.42,0.349,0.847,2.9,0,0
Cameron Johnson,2021-22,PHX,26.0,66,26.2,12.5,4.1,1.5,0.9,0.2,0.7,0.46,0.425,0.86,3.3,0,0
Cameron Johnson,2022-23,BKN,27.0,42,28.6,15.5,4.4,1.9,1.2,0.3,0.9,0.47,0.404,0.842,3.7,0,0
Cameron Johnson,2023-24,BKN,28.0,58,27.6,13.4,4.3,2.4,0.8,0.3,1.0,0.446,0.391,0.789,-1.3,0,0
Cameron Payne,2020-21,PHX,26.0,60,18.0,8.4,2.4,3.6,0.6,0.3,1.0,0.484,0.44,0.893,3.0,0,0
Cameron Payne,2021-22,PHX,27.0,58,22.0,10.8,3.0,4.9,0.7,0.3,1.8,0.409,0.336,0.843,2.6,0,0
Cameron Payne,2022-23,PHX,28.0,48,20.2,10.3,2.2,4.5,0.7,0.2,1.7,0.415,0.368,0.766,1.6,0,0
Cameron Payne,2023-24,PHI,29.0,78,16.7,7.4,1.5,2.6,0.5,0.1,0.8,0.432,0.39,0.866,-0.1,0,0
Caris LeVert,2019-20,BKN,25.0,45,29.6,18.7,4.2,4.4,1.2,0.2,2.6,0.425,0.364,0.711,-0.1,0,0
Caris LeVert,2020-21,IND,26.0,47,31.6,20.2,4.6,5.2,1.4,0.6,2.2,0.441,0.326,0.811,-0.1,0,0
Caris LeVert,2021-22,CLE,27.0,58,30.7,17.0,3.7,4.3,0.9,0.4,1.9,0.444,0.32,0.756,-1.1,0,0
Caris LeVert,2022-23,CLE,28.0,74,30.2,12.1,3.8,3.9,1.0,0.3,1.6,0.431,0.392,0.722,2.6,0,0
Caris LeVert,2023-24,CLE,29.0,68,28.8,14.0,4.1,5.1,1.1,0.5,1.7,0.421,0.325,0.766,1.8,0,0
Carmelo Anthony,2019-20,POR,36.0,58,32.8,15.4,6.3,1.5,0.8,0.5,1.7,0.43,0.385,0.845,0.3,0,0
Carmelo Anthony,2020-21,POR,37.0,69,24.5,13.4,3.1,1.5,0.7,0.6,0.9,0.421,0.409,0.89,-0.3,0,0
Carmelo Anthony,2021-22,LAL,38.0,69,26.0,13.3,4.2,1.0,0.7,0.8,0.9,0.441,0.375,0.83,-1.3,0,0
Cason Wallace,2023-24,OKC,20.0,82,20.6,6.8,2.3,1.5,0.9,0.5,0.5,0.491,0.419,0.784,1.5,0,0
Cedi Osman,2019-20,CLE,25.0,65,29.4,11.0,3.6,2.4,0.8,0.2,1.4,0.437,0.383,0.67,-5.4,0,0
Cedi Osman,2020-21,CLE,26.0,59,25.6,10.4,3.4,2.9,0.9,0.2,1.4,0.374,0.306,0.8,-5.5,0,0
Cedi Osman,2021-22,CLE,27.0,66,22.1,10.7,2.2,2.0,0.8,0.2,1.0,0.432,0.357,0.664,-0.9,0,0
Cedi Osman,2022-23,CLE,28.0,77,20.1,8.7,2.3,1.5,0.5,0.1,0.7,0.451,0.372,0.694,3.0,0,0
Cedi Osman,2023-24,SAS,29.0,72,17.6,6.8,2.5,1.7,0.5,0.2,0.7,0.479,0.389,0.673,-4.9,0,0
Chasson Randle,2020-21,ORL,28.0,41,20.4,6.5,2.0,1.8,0.5,0.1,1.1,0.388,0.338,0.792,-6.5,0,0
Chet Holmgren,2023-24,OKC,22.0,82,29.4,16.5,7.9,2.4,0.6,2.3,1.6,0.53,0.37,0.793,5.2,0,0
Chimezie Metu,2021-22,SAC,25.0,60,21.3,8.9,5.6,1.0,0.9,0.5,1.0,0.452,0.306,0.78,-2.6,0,0
Chimezie Metu,2023-24,DET,27.0,51,16.8,6.5,3.8,0.9,0.8,0.3,1.0,0.504,0.298,0.906,-2.1,0,0
Chris Boucher,2020-21,TOR,28.0,60,24.2,13.6,6.7,1.1,0.6,1.9,0.8,0.514,0.383,0.788,1.6,0,0
Chris Boucher,2021-22,TOR,29.0,80,21.1,9.4,6.2,0.3,0.6,0.9,0.5,0.464,0.297,0.777,2.4,0,0
Chris Boucher,2022-23,TOR,30.0,76,20.0,9.4,5.5,0.4,0.6,0.8,0.5,0.493,0.328,0.762,-0.2,0,0
Chris Duarte,2021-22,IND,25.0,55,28.0,13.1,4.1,2.1,1.0,0.2,1.6,0.432,0.369,0.804,-1.0,0,0
Chris Duarte,2022-23,IND,26.0,46,19.5,7.9,2.5,1.4,0.5,0.2,0.9,0.369,0.316,0.847,-2.5,0,0
Chris Paul,2019-20,OKC,35.0,70,31.5,17.6,5.0,6.7,1.6,0.2,2.3,0.489,0.365,0.907,4.7,1,0
Chris Paul,2020-21,PHX,36.0,70,31.4,16.4,4.5,8.9,1.4,0.3,2.2,0.499,0.395,0.934,4.4,1,1
Chris Paul,2021-22,PHX,37.0,65,32.9,14.7,4.4,10.8,1.9,0.3,2.4,0.493,0.317,0.837,7.1,1,2
Chris Paul,2022-23,PHX,38.0,59,32.0,13.9,4.3,8.9,1.5,0.4,1.9,0.44,0.375,0.831,1.4,0,3
Chris Paul,2023-24,GSW,39.0,58,26.4,9.2,3.9,6.8,1.2,0.1,1.3,0.441,0.371,0.827,1.9,0,3
Christian Braun,2022-23,DEN,22.0,76,15.5,4.7,2.4,0.8,0.5,0.2,0.5,0.495,0.354,0.625,-1.5,0,0
Christian Braun,2023-24,DEN,23.0,82,20.2,7.3,3.7,1.6,0.5,0.4,0.7,0.46,0.384,0.694,-0.2,0,0
Christian Wood,2019-20,DET,24.0,62,21.4,13.1,6.3,1.0,0.5,0.9,1.4,0.567,0.386,0.744,1.1,0,0
Christian Wood,2020-21,HOU,25.0,41,32.3,21.0,9.6,1.7,0.8,1.2,2.0,0.514,0.374,0.631,-2.4,0,0
Christian Wood,2021-22,HOU,26.0,68,30.8,17.9,10.1,2.3,0.8,1.0,1.9,0.501,0.39,0.623,-6.0,0,0
Christian Wood,2022-23,DAL,27.0,67,25.9,16.6,7.3,1.8,0.4,1.1,1.8,0.515,0.376,0.772,-0.7,0,0
Christian Wood,2023-24,LAL,28.0,50,17.4,6.9,5.1,1.0,0.3,0.7,1.0,0.466,0.307,0.702,0.1,0,0
Chuma Okeke,2020-21,ORL,22.0,45,25.2,7.8,4.0,2.2,1.1,0.5,0.8,0.417,0.348,0.75,-4.0,0,0
Chuma Okeke,2021-22,ORL,23.0,70,25.0,8.6,5.0,1.7,1.4,0.6,0.8,0.376,0.318,0.846,-4.5,0,0
Clint Capela,2019-20,ATL,26.0,39,32.8,13.9,13.8,1.2,0.8,1.8,1.6,0.629,0.0,0.529,1.5,0,0
Clint Capela,2020-21,ATL,27.0,63,30.1,15.2,14.3,0.8,0.7,2.0,1.2,0.594,0.0,0.573,4.0,0,0
Clint Capela,2021-22,ATL,28.0,74,27.6,11.1,11.9,1.2,0.7,1.3,0.6,0.613,0.0,0.473,1.7,0,0
Clint Capela,2022-23,ATL,29.0,65,26.6,12.0,11.0,0.9,0.7,1.2,0.8,0.653,0.0,0.603,-0.5,0,0
Clint Capela,2023-24,ATL,30.0,73,25.8,11.5,10.6,1.2,0.6,1.5,1.0,0.571,0.0,0.631,-0.2,0,0
Coby White,2019-20,CHI,20.0,65,25.8,13.2,3.5,2.7,0.8,0.1,1.7,0.394,0.354,0.791,-2.5,0,0
Coby White,2020-21,CHI,21.0,69,31.2,15.1,4.1,4.8,0.6,0.2,2.3,0.416,0.359,0.901,-1.6,0,0
Coby White,2021-22,CHI,22.0,61,27.5,12.7,3.0,2.9,0.5,0.2,1.1,0.433,0.385,0.857,-0.6,0,0
Coby White,2022-23,CHI,23.0,74,23.4,9.7,2.9,2.8,0.7,0.1,1.0,0.443,0.372,0.871,1.9,0,0
Coby White,2023-24,CHI,24.0,79,36.5,19.1,4.5,5.1,0.7,0.2,2.1,0.447,0.376,0.838,-0.4,0,0
Cody Martin,2019-20,CHA,24.0,48,18.8,5.0,3.3,2.0,0.8,0.2,0.9,0.43,0.234,0.646,-1.4,0,0
Cody Martin,2020-21,CHA,25.0,52,16.3,4.0,3.1,1.7,0.7,0.2,0.8,0.441,0.276,0.581,-0.1,0,0
Cody Martin,2021-22,CHA,26.0,71,26.3,7.7,4.0,2.5,1.2,0.5,0.9,0.482,0.384,0.701,-0.4,0,0
Cody Zeller,2019-20,CHA,27.0,58,23.1,11.1,7.1,1.5,0.7,0.4,1.3,0.524,0.24,0.682,-3.8,0,0
Cody Zeller,2020-21,CHA,28.0,48,20.9,9.4,6.8,1.8,0.6,0.4,1.1,0.559,0.143,0.714,0.9,0,0
Cole Anthony,2020-21,ORL,21.0,47,27.1,12.9,4.7,4.1,0.6,0.4,2.3,0.397,0.337,0.832,-6.9,0,0
Cole Anthony,2021-22,ORL,22.0,65,31.7,16.3,5.4,5.7,0.7,0.3,2.6,0.391,0.338,0.854,-3.6,0,0
Cole Anthony,2022-23,ORL,23.0,60,25.9,13.0,4.8,3.9,0.6,0.5,1.5,0.454,0.364,0.894,-0.4,0,0
Cole Anthony,2023-24,ORL,24.0,81,22.4,11.6,3.8,2.9,0.8,0.5,1.6,0.435,0.338,0.826,1.4,0,0
Collin Sexton,2019-20,CLE,21.0,65,33.0,20.8,3.1,3.0,1.0,0.1,2.4,0.472,0.38,0.846,-6.1,0,0
Collin Sexton,2020-21,CLE,22.0,60,35.3,24.3,3.1,4.4,1.0,0.2,2.8,0.475,0.371,0.815,-6.3,0,0
Collin Sexton,2022-23,UTA,24.0,48,23.9,14.3,2.2,2.9,0.6,0.1,1.8,0.506,0.393,0.819,-0.6,0,0
Collin Sexton,2023-24,UTA,25.0,78,26.6,18.7,2.6,4.9,0.8,0.2,2.1,0.487,0.394,0.859,-1.8,0,0
Corey Kispert,2021-22,WAS,23.0,77,23.4,8.2,2.7,1.1,0.5,0.3,0.6,0.455,0.35,0.871,0.5,0,0
Corey Kispert,2022-23,WAS,24.0,74,28.3,11.1,2.8,1.2,0.4,0.1,0.7,0.497,0.424,0.852,-1.7,0,0
Corey Kispert,2023-24,WAS,25.0,80,25.8,13.4,2.8,2.0,0.5,0.2,1.2,0.486,0.383,0.726,-5.6,0,0
Cory Joseph,2019-20,SAC,28.0,72,24.4,6.4,2.6,3.5,0.7,0.3,1.1,0.415,0.352,0.857,-0.6,0,0
Cory Joseph,2020-21,DET,29.0,63,23.0,8.2,2.5,3.4,1.0,0.3,1.3,0.469,0.341,0.818,-3.1,0,0
Cory Joseph,2021-22,DET,30.0,65,24.6,8.0,2.7,3.6,0.6,0.3,1.3,0.445,0.414,0.885,-3.1,0,0
Cory Joseph,2022-23,DET,31.0,62,19.8,6.9,1.7,3.5,0.5,0.1,0.9,0.427,0.389,0.792,-1.8,0,0
D'Angelo Russell,2019-20,MIN,24.0,45,32.3,23.1,3.9,6.3,1.1,0.3,3.3,0.426,0.367,0.809,-5.6,0,0
D'Angelo Russell,2020-21,MIN,25.0,42,28.5,19.0,2.6,5.8,1.1,0.4,2.7,0.431,0.387,0.765,-4.6,0,0
D'Angelo Russell,2021-22,MIN,26.0,65,31.9,18.1,3.3,7.1,1.0,0.3,2.5,0.411,0.34,0.825,3.2,0,0
D'Angelo Russell,2022-23,LAL,27.0,71,32.5,17.8,3.0,6.2,1.0,0.4,2.6,0.469,0.396,0.829,1.2,0,0
D'Angelo Russell,2023-24,LAL,28.0,76,32.7,18.0,3.1,6.3,0.9,0.5,2.1,0.456,0.415,0.828,2.4,0,0
D.J. Augustin,2019-20,ORL,32.0,57,24.9,10.5,2.1,4.6,0.6,0.0,1.5,0.399,0.348,0.89,1.3,0,0
D.J. Augustin,2020-21,HOU,33.0,57,19.8,7.7,1.6,3.3,0.5,0.0,1.1,0.394,0.382,0.904,-0.7,0,0
D.J. Augustin,2021-22,LAL,34.0,55,16.1,5.3,1.2,1.9,0.3,0.0,1.0,0.423,0.415,0.884,-3.2,0,0
DaQuan Jeffries,2020-21,SAS,23.0,31,15.9,4.1,2.3,0.7,0.5,0.3,0.5,0.417,0.299,0.875,-1.8,0,0
Daishen Nix,2022-23,HOU,21.0,57,16.0,4.0,1.7,2.3,0.5,0.1,1.5,0.342,0.286,0.667,-2.6,0,0
Dalano Banton,2023-24,POR,24.0,54,19.4,10.3,3.3,2.4,0.6,0.4,1.4,0.404,0.296,0.783,-4.1,0,0
Damian Jones,2019-20,ATL,25.0,55,16.1,5.6,3.7,0.6,0.5,0.7,0.5,0.68,0.222,0.738,-4.7,0,0
Damian Jones,2021-22,SAC,27.0,56,18.2,8.1,4.4,1.2,0.5,0.8,1.1,0.658,0.345,0.718,-3.1,0,0
Damian Lillard,2019-20,POR,29.0,66,37.5,30.0,4.3,8.0,1.1,0.3,2.9,0.463,0.401,0.888,1.3,1,0
Damian Lillard,2020-21,POR,30.0,67,35.8,28.8,4.2,7.5,0.9,0.3,3.0,0.451,0.391,0.928,3.0,1,1
Damian Lillard,2022-23,POR,32.0,58,36.3,32.2,4.8,7.3,0.9,0.3,3.3,0.463,0.371,0.914,1.8,1,2
Damian Lillard,2023-24,MIL,33.0,73,35.3,24.3,4.4,7.0,1.0,0.2,2.6,0.424,0.354,0.92,5.3,1,3
Damion Lee,2019-20,GSW,27.0,49,29.0,12.7,4.9,2.7,1.0,0.1,1.4,0.417,0.356,0.873,-2.5,0,0
Damion Lee,2020-21,GSW,28.0,57,18.9,6.5,3.2,1.3,0.7,0.1,0.5,0.467,0.397,0.909,0.7,0,0
Damion Lee,2021-22,GSW,29.0,63,19.9,7.4,3.2,1.0,0.6,0.1,0.6,0.441,0.337,0.88,1.5,0,0
Damion Lee,2022-23,PHX,30.0,74,20.4,8.2,3.0,1.3,0.4,0.1,1.1,0.442,0.445,0.904,1.1,0,0
Damyean Dotson,2019-20,NYK,26.0,48,17.4,6.7,1.9,1.2,0.5,0.1,0.4,0.414,0.362,0.667,-1.8,0,0
Damyean Dotson,2020-21,CLE,27.0,46,19.7,6.7,2.0,2.0,0.3,0.1,0.9,0.406,0.289,0.667,-4.7,0,0
Daniel Gafford,2021-22,WAS,23.0,72,20.1,9.4,5.7,0.9,0.4,1.4,0.9,0.693,0.0,0.699,-2.9,0,0
Daniel Gafford,2022-23,WAS,24.0,78,20.6,9.0,5.6,1.1,0.4,1.3,1.1,0.732,0.0,0.679,-1.1,0,0
Daniel Gafford,2023-24,DAL,25.0,74,24.5,11.0,7.6,1.6,0.9,2.1,1.0,0.725,0.0,0.674,-1.4,0,0
Daniel Theis,2019-20,BOS,28.0,65,24.1,9.2,6.6,1.7,0.6,1.3,0.8,0.566,0.333,0.763,3.1,0,0
Daniel Theis,2020-21,CHI,29.0,65,24.6,9.6,5.5,1.7,0.6,0.9,1.0,0.541,0.322,0.673,-0.5,0,0
Daniel Theis,2021-22,BOS,30.0,47,20.8,8.2,4.9,0.9,0.4,0.7,1.0,0.519,0.308,0.681,-1.9,0,0
Daniel Theis,2023-24,LAC,32.0,60,16.9,6.3,4.1,1.0,0.4,0.9,0.7,0.532,0.366,0.76,1.0,0,0
Danilo Gallinari,2019-20,OKC,31.0,62,29.6,18.7,5.2,1.9,0.7,0.1,1.2,0.438,0.405,0.893,3.7,0,0
Danilo Gallinari,2020-21,ATL,32.0,51,24.0,13.3,4.1,1.5,0.6,0.2,0.8,0.434,0.406,0.925,1.8,0,0
Danilo Gallinari,2021-22,ATL,33.0,66,25.3,11.7,4.7,1.5,0.4,0.2,0.6,0.434,0.381,0.904,1.6,0,0
Danny Green,2019-20,LAL,33.0,68,24.8,8.0,3.3,1.3,1.3,0.5,0.9,0.416,0.367,0.688,3.8,0,0
Danny Green,2020-21,PHI,34.0,69,28.0,9.5,3.8,1.7,1.3,0.8,1.0,0.412,0.405,0.775,4.5,0,0
Danny Green,2021-22,PHI,35.0,62,21.8,5.9,2.5,1.0,1.0,0.6,0.7,0.394,0.38,0.786,1.3,0,0
Dante Exum,2023-24,DAL,28.0,55,19.8,7.8,2.7,2.9,0.4,0.1,0.9,0.533,0.491,0.779,4.3,0,0
Danuel House Jr.,2019-20,HOU,27.0,63,30.4,10.5,4.2,1.3,1.1,0.5,0.9,0.427,0.363,0.811,2.0,0,0
Danuel House Jr.,2020-21,HOU,28.0,36,25.9,8.8,3.7,1.9,0.6,0.4,1.0,0.404,0.346,0.651,-6.2,0,0
Danuel House Jr.,2021-22,UTA,29.0,42,17.3,5.9,2.6,1.0,0.5,0.4,0.8,0.404,0.376,0.759,1.5,0,0
Danuel House Jr.,2023-24,PHI,31.0,34,15.0,4.2,1.7,0.8,0.4,0.1,0.6,0.448,0.3,0.761,0.6,0,0
Dario Saric,2019-20,PHX,26.0,66,24.7,10.7,6.2,1.9,0.6,0.2,1.3,0.476,0.357,0.844,-1.0,0,0
Dario Saric,2020-21,PHX,27.0,50,17.4,8.7,3.8,1.3,0.6,0.1,1.1,0.447,0.348,0.848,4.4,0,0
Dario Saric,2023-24,GSW,30.0,64,17.2,8.0,4.4,2.3,0.5,0.2,1.2,0.466,0.376,0.849,-0.3,0,0
Darius Bazley,2019-20,OKC,20.0,61,18.5,5.6,4.0,0.7,0.4,0.7,0.7,0.394,0.348,0.694,-1.3,0,0
Darius Bazley,2020-21,OKC,21.0,55,31.2,13.7,7.2,1.8,0.5,0.5,2.2,0.396,0.29,0.702,-8.7,0,0
Darius Bazley,2021-22,OKC,22.0,69,27.9,10.8,6.3,1.4,0.8,1.0,1.3,0.422,0.297,0.688,-6.8,0,0
Darius Garland,2019-20,CLE,20.0,59,30.9,12.3,1.9,3.9,0.7,0.1,2.6,0.401,0.355,0.875,-5.0,0,0
Darius Garland,2020-21,CLE,21.0,54,33.1,17.4,2.4,6.1,1.2,0.1,3.0,0.451,0.395,0.848,-4.4,0,0
Darius Garland,2021-22,CLE,22.0,68,35.7,21.7,3.3,8.6,1.3,0.1,3.6,0.462,0.383,0.892,5.5,1,0
Darius Garland,2022-23,CLE,23.0,69,35.5,21.6,2.7,7.8,1.2,0.1,2.9,0.462,0.41,0.863,6.3,0,1
Darius Garland,2023-24,CLE,24.0,57,33.3,18.0,2.7,6.5,1.3,0.1,3.1,0.446,0.371,0.834,2.0,0,1
David Nwaba,2020-21,HOU,28.0,30,22.6,9.2,3.9,1.0,1.0,0.7,0.6,0.486,0.27,0.691,-0.9,0,0
David Roddy,2022-23,MEM,22.0,70,18.0,6.7,2.8,0.8,0.4,0.3,0.8,0.429,0.307,0.631,-0.9,0,0
David Roddy,2023-24,PHX,23.0,65,18.1,6.5,3.2,1.2,0.4,0.2,0.9,0.403,0.293,0.691,-3.5,0,0
Davion Mitchell,2021-22,SAC,23.0,75,27.7,11.5,2.2,4.2,0.7,0.3,1.5,0.418,0.316,0.659,-3.7,0,0
Davion Mitchell,2022-23,SAC,24.0,80,18.1,5.6,1.3,2.3,0.6,0.2,0.8,0.454,0.32,0.806,0.0,0,0
Davion Mitchell,2023-24,SAC,25.0,72,15.3,5.3,1.3,1.9,0.2,0.0,0.6,0.452,0.361,0.714,-0.6,0,0
Davis Bertans,2019-20,WAS,27.0,54,29.3,15.4,4.5,1.7,0.7,0.6,1.1,0.434,0.424,0.852,-0.3,0,0
Davis Bertans,2020-21,WAS,28.0,57,25.7,11.5,2.9,0.9,0.6,0.2,0.6,0.404,0.395,0.87,1.9,0,0
Davis Bertans,2023-24,CHA,31.0,43,15.7,6.7,1.4,0.8,0.6,0.3,0.4,0.393,0.38,0.909,-1.7,0,0
Day'Ron Sharpe,2023-24,BKN,22.0,61,15.1,6.8,6.4,1.4,0.4,0.7,1.1,0.571,0.267,0.61,1.0,0,0
De'Aaron Fox,2019-20,SAC,22.0,51,32.0,21.1,3.8,6.8,1.5,0.5,3.1,0.48,0.292,0.705,-2.4,0,0
De'Aaron Fox,2020-21,SAC,23.0,58,35.1,25.2,3.5,7.2,1.5,0.5,3.0,0.477,0.322,0.719,-3.4,0,0
De'Aaron Fox,2021-22,SAC,24.0,59,35.3,23.2,3.9,5.6,1.2,0.4,2.8,0.473,0.297,0.75,-3.3,0,0
De'Aaron Fox,2022-23,SAC,25.0,73,33.4,25.0,4.2,6.1,1.1,0.3,2.5,0.512,0.324,0.78,2.4,1,0
De'Aaron Fox,2023-24,SAC,26.0,74,35.9,26.6,4.6,5.6,2.0,0.4,2.6,0.465,0.369,0.738,3.1,0,1
De'Andre Hunter,2019-20,ATL,22.0,63,32.0,12.3,4.5,1.8,0.7,0.3,1.6,0.41,0.355,0.764,-4.1,0,0
De'Andre Hunter,2021-22,ATL,24.0,53,29.8,13.4,3.3,1.3,0.7,0.4,1.3,0.442,0.379,0.765,0.5,0,0
De'Andre Hunter,2022-23,ATL,25.0,67,31.7,15.4,4.2,1.4,0.5,0.3,1.2,0.461,0.35,0.826,-0.3,0,0
De'Andre Hunter,2023-24,ATL,26.0,57,29.5,15.6,3.9,1.5,0.7,0.3,1.5,0.459,0.385,0.847,-0.9,0,0
De'Anthony Melton,2019-20,MEM,22.0,60,19.5,7.6,3.7,2.9,1.3,0.3,1.4,0.401,0.286,0.769,2.0,0,0
De'Anthony Melton,2020-21,MEM,23.0,52,20.1,9.1,3.1,2.5,1.2,0.6,1.3,0.438,0.412,0.804,2.3,0,0
De'Anthony Melton,2021-22,MEM,24.0,73,22.7,10.8,4.5,2.7,1.4,0.5,1.5,0.404,0.374,0.75,3.0,0,0
De'Anthony Melton,2022-23,PHI,25.0,77,27.9,10.1,4.1,2.6,1.6,0.5,1.3,0.425,0.39,0.793,1.3,0,0
De'Anthony Melton,2023-24,PHI,26.0,38,26.9,11.1,3.7,3.0,1.6,0.4,1.0,0.386,0.36,0.835,5.7,0,0
DeAndre Jordan,2019-20,BKN,31.0,56,22.0,8.3,10.0,1.9,0.3,0.9,1.3,0.666,0.0,0.68,-0.7,0,0
DeAndre Jordan,2020-21,BKN,32.0,57,21.9,7.5,7.5,1.6,0.3,1.1,1.5,0.763,0.0,0.5,-0.7,0,0
DeAndre Jordan,2022-23,DEN,34.0,39,15.0,5.1,5.2,0.9,0.3,0.6,1.2,0.765,1.0,0.458,-3.1,0,0
DeAndre' Bembry,2019-20,ATL,25.0,43,21.3,5.8,3.5,1.9,1.3,0.4,1.4,0.456,0.231,0.542,-6.0,0,0
DeAndre' Bembry,2020-21,TOR,26.0,51,19.1,5.7,2.9,2.1,1.0,0.4,1.4,0.513,0.264,0.682,0.1,0,0
DeAndre' Bembry,2021-22,MIL,27.0,56,18.3,5.1,2.9,1.2,0.9,0.4,0.6,0.561,0.417,0.6,-0.5,0,0
DeMar DeRozan,2019-20,SAS,30.0,68,34.1,22.1,5.5,5.6,1.0,0.3,2.4,0.531,0.257,0.845,-1.7,0,0
DeMar DeRozan,2020-21,SAS,31.0,61,33.7,21.6,4.2,6.9,0.9,0.2,2.0,0.495,0.257,0.88,-1.7,0,0
DeMar DeRozan,2021-22,CHI,32.0,76,36.1,27.9,5.2,4.9,0.9,0.3,2.4,0.504,0.352,0.877,1.0,1,0
DeMar DeRozan,2022-23,CHI,33.0,74,36.2,24.5,4.6,5.1,1.1,0.5,2.1,0.504,0.324,0.872,0.9,1,1
DeMar DeRozan,2023-24,CHI,34.0,79,37.8,24.0,4.3,5.3,1.1,0.6,1.7,0.48,0.333,0.853,-0.8,0,2
DeMarcus Cousins,2020-21,LAC,30.0,41,17.4,8.9,6.4,1.9,0.8,0.6,1.6,0.426,0.348,0.728,-1.5,0,0
Dean Wade,2020-21,CLE,24.0,63,19.2,6.0,3.4,1.2,0.6,0.3,0.5,0.431,0.366,0.769,-3.5,0,0
Dean Wade,2021-22,CLE,25.0,51,19.2,5.3,2.9,1.0,0.6,0.1,0.3,0.456,0.359,0.667,0.7,0,0
Dean Wade,2022-23,CLE,26.0,44,20.3,4.7,3.4,0.8,0.6,0.5,0.4,0.412,0.354,0.652,2.5,0,0
Dean Wade,2023-24,CLE,27.0,54,20.5,5.4,4.0,0.8,0.7,0.5,0.4,0.414,0.391,0.769,3.3,0,0
Deandre Ayton,2019-20,PHX,21.0,38,32.5,18.2,11.5,1.9,0.7,1.5,2.1,0.546,0.231,0.753,2.6,0,0
Deandre Ayton,2020-21,PHX,22.0,69,30.6,14.4,10.5,1.4,0.6,1.2,1.5,0.626,0.2,0.769,4.0,0,0
Deandre Ayton,2021-22,PHX,23.0,58,29.5,17.2,10.2,1.4,0.7,0.7,1.6,0.634,0.368,0.746,5.9,0,0
Deandre Ayton,2022-23,PHX,24.0,67,30.4,18.0,10.0,1.7,0.6,0.8,1.8,0.589,0.292,0.76,-0.1,0,0
Deandre Ayton,2023-24,POR,25.0,55,32.4,16.7,11.1,1.6,1.0,0.8,1.8,0.57,0.1,0.823,-5.8,0,0
Dejounte Murray,2019-20,SAS,23.0,66,25.6,10.9,5.8,4.1,1.7,0.3,1.9,0.462,0.369,0.798,-2.9,0,0
Dejounte Murray,2020-21,SAS,24.0,67,31.9,15.7,7.1,5.4,1.5,0.1,1.7,0.453,0.317,0.791,1.3,0,0
Dejounte Murray,2021-22,SAS,25.0,68,34.8,21.1,8.3,9.2,2.0,0.3,2.6,0.462,0.327,0.794,0.7,1,0
Dejounte Murray,2022-23,ATL,26.0,74,36.4,20.5,5.3,6.1,1.5,0.3,2.2,0.464,0.344,0.832,-0.8,0,1
Dejounte Murray,2023-24,ATL,27.0,78,35.7,22.5,5.3,6.4,1.4,0.3,2.6,0.459,0.363,0.794,-2.0,0,1
Delon Wright,2019-20,DAL,28.0,73,21.5,6.9,3.8,3.3,1.2,0.3,1.0,0.462,0.37,0.77,0.5,0,0
Delon Wright,2020-21,SAC,29.0,63,27.7,10.2,4.3,4.4,1.6,0.5,1.3,0.463,0.372,0.802,-1.7,0,0
Delon Wright,2021-22,ATL,30.0,77,18.9,4.4,2.9,2.4,1.2,0.2,0.6,0.454,0.379,0.857,0.8,0,0
Delon Wright,2022-23,WAS,31.0,50,24.4,7.4,3.6,3.9,1.8,0.3,0.9,0.474,0.345,0.867,1.4,0,0
Delon Wright,2023-24,MIA,32.0,47,15.8,4.5,1.8,2.5,1.1,0.2,0.3,0.394,0.368,0.822,0.3,0,0
Deni Avdija,2020-21,WAS,20.0,54,23.3,6.3,4.9,1.2,0.6,0.3,0.6,0.417,0.315,0.644,-1.5,0,0
Deni Avdija,2021-22,WAS,21.0,82,24.2,8.4,5.2,2.0,0.7,0.5,1.1,0.432,0.317,0.757,-0.8,0,0
Deni Avdija,2022-23,WAS,22.0,76,26.6,9.2,6.4,2.8,0.9,0.4,1.6,0.437,0.297,0.739,-0.7,0,0
Deni Avdija,2023-24,WAS,23.0,75,30.1,14.7,7.2,3.8,0.8,0.5,2.1,0.506,0.374,0.74,-4.4,0,0
Dennis Schröder,2019-20,OKC,26.0,65,30.8,18.9,3.6,4.0,0.7,0.2,2.6,0.469,0.385,0.839,3.6,0,0
Dennis Schröder,2020-21,LAL,27.0,61,32.1,15.4,3.5,5.8,1.1,0.2,2.7,0.437,0.335,0.848,1.4,0,0
Dennis Schröder,2021-22,HOU,28.0,64,28.7,13.5,3.3,4.6,0.8,0.1,2.2,0.431,0.344,0.853,-0.5,0,0
Dennis Schröder,2022-23,LAL,29.0,66,30.1,12.6,2.5,4.5,0.8,0.2,1.7,0.415,0.329,0.857,1.9,0,0
Dennis Schröder,2023-24,BKN,30.0,80,31.1,14.0,3.0,6.1,0.8,0.2,1.9,0.435,0.375,0.836,-1.6,0,0
Dennis Smith Jr.,2019-20,NYK,22.0,34,15.8,5.5,2.3,2.9,0.8,0.2,1.7,0.341,0.296,0.509,-5.7,0,0
Dennis Smith Jr.,2021-22,POR,24.0,37,17.3,5.6,2.4,3.6,1.2,0.3,1.4,0.418,0.222,0.656,-3.7,0,0
Dennis Smith Jr.,2022-23,CHA,25.0,54,25.7,8.8,3.1,4.8,1.4,0.5,1.5,0.412,0.216,0.736,-1.3,0,0
Dennis Smith Jr.,2023-24,BKN,26.0,56,18.9,6.6,2.9,3.6,1.2,0.2,1.2,0.435,0.294,0.741,-0.6,0,0
Denzel Valentine,2020-21,CHI,27.0,62,16.7,6.5,3.2,1.7,0.5,0.1,0.7,0.373,0.331,0.941,0.7,0,0
Dereck Lively II,2023-24,DAL,20.0,55,23.5,8.8,6.9,1.1,0.7,1.4,0.9,0.747,0.0,0.506,2.6,0,0
Derrick Favors,2019-20,NOP,28.0,51,24.4,9.0,9.8,1.6,0.6,0.9,1.1,0.617,0.143,0.563,2.3,0,0
Derrick Favors,2020-21,UTA,29.0,68,15.3,5.4,5.5,0.6,0.5,1.0,0.5,0.638,0.0,0.738,0.5,0,0
Derrick Favors,2021-22,OKC,30.0,39,16.7,5.3,4.7,0.6,0.4,0.3,0.2,0.516,0.125,0.64,-3.7,0,0
Derrick Jones Jr.,2019-20,MIA,23.0,59,23.3,8.5,3.9,1.1,1.0,0.6,0.5,0.527,0.28,0.772,-0.5,0,0
Derrick Jones Jr.,2020-21,POR,24.0,58,22.7,6.8,3.5,0.8,0.6,0.9,0.6,0.484,0.316,0.648,-1.1,0,0
Derrick Jones Jr.,2021-22,CHI,25.0,51,17.6,5.6,3.3,0.6,0.5,0.6,0.6,0.538,0.328,0.8,0.8,0,0
Derrick Jones Jr.,2023-24,DAL,27.0,76,23.5,8.6,3.3,1.0,0.7,0.7,0.9,0.483,0.343,0.713,0.7,0,0
Derrick Rose,2019-20,DET,31.0,50,26.0,18.1,2.4,5.6,0.8,0.3,2.5,0.49,0.306,0.871,-1.7,0,0
Derrick Rose,2020-21,NYK,32.0,50,25.6,14.7,2.6,4.2,1.0,0.4,1.6,0.47,0.388,0.866,2.7,0,0
Derrick White,2019-20,SAS,25.0,68,24.7,11.3,3.3,3.5,0.6,0.9,1.3,0.458,0.366,0.853,0.6,0,0
Derrick White,2020-21,SAS,26.0,36,29.5,15.4,3.0,3.5,0.7,1.0,1.3,0.411,0.346,0.851,2.6,0,0
Derrick White,2021-22,BOS,27.0,75,29.3,13.2,3.5,4.9,0.9,0.8,1.6,0.421,0.312,0.864,2.7,0,0
Derrick White,2022-23,BOS,28.0,82,28.3,12.4,3.6,3.9,0.7,0.9,1.2,0.462,0.381,0.875,6.0,0,0
Derrick White,2023-24,BOS,29.0,73,32.6,15.2,4.2,5.2,1.0,1.2,1.5,0.461,0.396,0.901,8.5,0,0
Desmond Bane,2020-21,MEM,23.0,68,22.3,9.2,3.1,1.7,0.6,0.2,0.9,0.469,0.432,0.816,0.2,0,0
Desmond Bane,2021-22,MEM,24.0,76,29.8,18.2,4.4,2.7,1.2,0.4,1.5,0.461,0.436,0.903,4.8,0,0
Desmond Bane,2022-23,MEM,25.0,58,31.7,21.5,5.0,4.4,1.0,0.4,2.2,0.479,0.408,0.883,6.1,0,0
Desmond Bane,2023-24,MEM,26.0,42,34.4,23.7,4.4,5.5,1.0,0.5,2.7,0.464,0.381,0.87,-4.8,0,0
Devin Booker,2019-20,PHX,23.0,70,35.9,26.6,4.2,6.5,0.7,0.3,3.8,0.489,0.354,0.919,1.9,0,0
Devin Booker,2020-21,PHX,24.0,67,33.9,25.6,4.2,4.3,0.8,0.2,3.1,0.484,0.34,0.867,4.9,1,0
Devin Booker,2021-22,PHX,25.0,68,34.5,26.8,5.0,4.8,1.1,0.4,2.4,0.466,0.383,0.868,6.9,1,1
Devin Booker,2022-23,PHX,26.0,53,34.6,27.8,4.5,5.5,1.0,0.3,2.7,0.494,0.351,0.855,4.7,0,2
Devin Booker,2023-24,PHX,27.0,68,36.0,27.1,4.5,6.9,0.9,0.4,2.6,0.492,0.364,0.886,4.6,1,2
Devin Vassell,2020-21,SAS,20.0,62,17.0,5.5,2.8,0.9,0.7,0.3,0.4,0.406,0.347,0.843,-1.0,0,0
Devin Vassell,2021-22,SAS,21.0,71,27.3,12.3,4.3,1.9,1.1,0.6,0.8,0.427,0.361,0.838,0.5,0,0
Devin Vassell,2022-23,SAS,22.0,38,31.0,18.5,3.9,3.6,1.1,0.4,1.5,0.439,0.387,0.78,-7.8,0,0
Devin Vassell,2023-24,SAS,23.0,68,33.1,19.5,3.8,4.1,1.1,0.3,1.6,0.472,0.372,0.801,-4.3,0,0
Devonte' Graham,2019-20,CHA,25.0,63,35.1,18.2,3.4,7.5,1.0,0.2,2.9,0.382,0.373,0.82,-2.9,0,0
Devonte' Graham,2020-21,CHA,26.0,55,30.2,14.8,2.7,5.4,0.9,0.1,1.5,0.377,0.375,0.842,1.8,0,0
Devonte' Graham,2021-22,NOP,27.0,76,28.4,11.9,2.3,4.2,0.9,0.2,1.4,0.363,0.341,0.843,0.5,0,0
Devonte' Graham,2022-23,SAS,28.0,73,18.3,7.4,1.7,2.7,0.6,0.2,0.7,0.374,0.352,0.748,-2.2,0,0
Dewayne Dedmon,2019-20,ATL,30.0,44,17.6,5.8,5.7,0.5,0.6,0.9,1.3,0.4,0.206,0.833,-0.6,0,0
Dewayne Dedmon,2021-22,MIA,32.0,67,15.9,6.3,5.8,0.7,0.4,0.6,1.0,0.566,0.404,0.75,0.7,0,0
Dillon Brooks,2019-20,MEM,24.0,73,28.9,16.2,3.3,2.1,0.9,0.4,1.7,0.407,0.358,0.808,-0.6,0,0
Dillon Brooks,2020-21,MEM,25.0,67,29.8,17.2,2.9,2.3,1.2,0.4,1.8,0.419,0.344,0.815,2.3,0,0
Dillon Brooks,2021-22,MEM,26.0,32,27.7,18.4,3.2,2.8,1.1,0.3,1.6,0.432,0.309,0.849,6.4,0,0
Dillon Brooks,2022-23,MEM,27.0,73,30.3,14.3,3.3,2.6,0.9,0.2,1.4,0.396,0.326,0.779,2.8,0,0
Dillon Brooks,2023-24,HOU,28.0,72,30.9,12.7,3.4,1.7,0.9,0.1,1.2,0.428,0.359,0.844,-0.3,0,0
Domantas Sabonis,2019-20,IND,24.0,62,34.8,18.5,12.4,5.0,0.8,0.5,2.7,0.54,0.254,0.723,2.6,1,0
Domantas Sabonis,2020-21,IND,25.0,62,36.0,20.3,12.0,6.7,1.2,0.5,3.4,0.535,0.321,0.732,-1.5,0,1
Domantas Sabonis,2021-22,SAC,26.0,62,34.4,18.9,12.1,5.2,1.0,0.4,3.1,0.573,0.312,0.741,-0.2,0,1
Domantas Sabonis,2022-23,SAC,27.0,79,34.6,19.1,12.3,7.3,0.8,0.5,2.9,0.615,0.373,0.742,2.7,1,1
Domantas Sabonis,2023-24,SAC,28.0,82,35.7,19.4,13.7,8.2,0.9,0.6,3.3,0.594,0.379,0.704,0.8,0,2
Donovan Mitchell,2019-20,UTA,23.0,69,34.3,24.0,4.4,4.3,1.0,0.2,2.7,0.449,0.366,0.863,1.6,1,0
Donovan Mitchell,2020-21,UTA,24.0,53,33.4,26.4,4.4,5.2,1.0,0.3,2.8,0.438,0.386,0.845,5.4,1,1
Donovan Mitchell,2021-22,UTA,25.0,67,33.8,25.9,4.2,5.3,1.5,0.2,3.0,0.448,0.355,0.853,4.1,1,2
Donovan Mitchell,2022-23,CLE,26.0,68,35.8,28.3,4.3,4.4,1.5,0.4,2.6,0.484,0.386,0.867,5.0,1,3
Donovan Mitchell,2023-24,CLE,27.0,55,35.3,26.6,5.1,6.1,1.8,0.5,2.8,0.462,0.368,0.865,5.9,1,4
Donte DiVincenzo,2019-20,MIL,23.0,66,23.0,9.2,4.8,2.3,1.3,0.3,1.4,0.455,0.336,0.733,6.2,0,0
Donte DiVincenzo,2020-21,MIL,24.0,66,27.5,10.4,5.8,3.1,1.1,0.2,1.4,0.42,0.379,0.718,4.6,0,0
Donte DiVincenzo,2021-22,SAC,25.0,42,23.9,9.0,4.0,2.8,1.1,0.2,1.7,0.351,0.339,0.843,-1.8,0,0
Donte DiVincenzo,2022-23,GSW,26.0,72,26.3,9.4,4.5,3.5,1.3,0.1,1.6,0.435,0.397,0.817,1.7,0,0
Donte DiVincenzo,2023-24,NYK,27.0,81,29.1,15.5,3.7,2.7,1.3,0.4,1.4,0.443,0.401,0.754,2.0,0,0
Dorian Finney-Smith,2019-20,DAL,27.0,71,29.9,9.5,5.7,1.6,0.6,0.5,1.0,0.466,0.376,0.722,3.9,0,0
Dorian Finney-Smith,2020-21,DAL,28.0,60,32.0,9.8,5.4,1.7,0.9,0.4,0.8,0.472,0.394,0.756,3.3,0,0
Dorian Finney-Smith,2021-22,DAL,29.0,80,33.0,11.0,4.7,1.9,1.1,0.5,1.0,0.471,0.395,0.675,3.0,0,0
Dorian Finney-Smith,2022-23,BKN,30.0,66,30.4,8.3,4.8,1.5,0.8,0.5,0.9,0.391,0.337,0.763,-0.1,0,0
Dorian Finney-Smith,2023-24,BKN,31.0,68,28.4,8.5,4.7,1.6,0.8,0.6,0.9,0.421,0.348,0.717,-1.6,0,0
Doug McDermott,2019-20,IND,28.0,69,19.9,10.3,2.5,1.1,0.2,0.1,0.6,0.488,0.435,0.828,1.5,0,0
Doug McDermott,2020-21,IND,29.0,66,24.5,13.6,3.3,1.3,0.3,0.1,0.8,0.532,0.388,0.816,-0.7,0,0
Doug McDermott,2021-22,SAS,30.0,51,24.0,11.3,2.3,1.3,0.3,0.1,0.8,0.462,0.422,0.784,-0.7,0,0
Doug McDermott,2022-23,SAS,31.0,64,20.5,10.2,2.2,1.4,0.2,0.1,0.9,0.457,0.413,0.757,-3.7,0,0
Draymond Green,2019-20,GSW,30.0,43,28.4,8.0,6.2,6.2,1.4,0.8,2.3,0.389,0.279,0.759,-4.5,0,0
Draymond Green,2020-21,GSW,31.0,63,31.5,7.0,7.1,8.9,1.7,0.8,3.0,0.447,0.27,0.795,3.8,0,0
Draymond Green,2021-22,GSW,32.0,46,28.9,7.5,7.3,7.0,1.3,1.1,3.0,0.525,0.296,0.659,4.2,1,0
Draymond Green,2022-23,GSW,33.0,73,31.5,8.5,7.2,6.8,1.0,0.8,2.8,0.527,0.305,0.713,4.7,0,1
Draymond Green,2023-24,GSW,34.0,55,27.1,8.6,7.2,6.0,1.0,0.9,2.5,0.497,0.395,0.73,3.1,0,1
Drew Eubanks,2021-22,POR,25.0,71,17.5,7.7,5.4,1.2,0.4,0.6,1.1,0.596,0.217,0.762,-4.6,0,0
Drew Eubanks,2022-23,POR,26.0,78,20.3,6.6,5.4,1.3,0.5,1.3,0.9,0.641,0.389,0.664,-1.7,0,0
Drew Eubanks,2023-24,PHX,27.0,75,15.6,5.1,4.3,0.8,0.4,0.8,0.8,0.601,1.0,0.774,-1.4,0,0
Duane Washington Jr.,2021-22,IND,22.0,48,20.2,9.9,1.7,1.8,0.5,0.1,1.2,0.405,0.377,0.754,-2.6,0,0
Duncan Robinson,2019-20,MIA,26.0,73,29.7,13.5,3.2,1.4,0.5,0.3,1.0,0.47,0.446,0.931,4.8,0,0
Duncan Robinson,2020-21,MIA,27.0,72,31.4,13.1,3.5,1.8,0.6,0.3,1.1,0.439,0.408,0.827,1.6,0,0
Duncan Robinson,2021-22,MIA,28.0,79,25.9,10.9,2.6,1.6,0.5,0.2,0.8,0.399,0.372,0.836,1.3,0,0
Duncan Robinson,2022-23,MIA,29.0,42,16.4,6.4,1.6,1.1,0.3,0.0,0.7,0.371,0.328,0.906,-1.3,0,0
Duncan Robinson,2023-24,MIA,30.0,68,28.0,12.9,2.5,2.8,0.7,0.2,1.4,0.45,0.395,0.889,0.6,0,0
Duop Reath,2023-24,POR,28.0,68,17.9,9.1,3.7,1.0,0.5,0.6,0.8,0.461,0.359,0.742,-2.8,0,0
Dwayne Bacon,2019-20,CHA,24.0,39,17.6,5.7,2.6,1.3,0.6,0.1,0.9,0.348,0.284,0.66,-3.4,0,0
Dwayne Bacon,2020-21,ORL,25.0,72,25.7,10.9,3.1,1.3,0.6,0.1,0.6,0.402,0.285,0.824,-6.2,0,0
Dwight Howard,2019-20,LAL,34.0,69,18.9,7.5,7.3,0.7,0.4,1.1,1.2,0.729,0.6,0.514,2.3,0,0
Dwight Howard,2020-21,PHI,35.0,69,17.3,7.0,8.4,0.9,0.4,0.9,1.6,0.587,0.25,0.576,-1.0,0,0
Dwight Howard,2021-22,LAL,36.0,60,16.2,6.2,5.9,0.6,0.6,0.6,0.8,0.612,0.533,0.658,-2.1,0,0
Dwight Powell,2019-20,DAL,28.0,40,26.5,9.4,5.7,1.5,0.9,0.6,0.9,0.638,0.256,0.667,4.9,0,0
Dwight Powell,2020-21,DAL,29.0,58,16.6,5.9,4.0,1.1,0.6,0.5,0.7,0.619,0.238,0.782,1.3,0,0
Dwight Powell,2021-22,DAL,30.0,82,21.9,8.7,4.9,1.2,0.5,0.5,0.8,0.671,0.351,0.783,0.9,0,0
Dwight Powell,2022-23,DAL,31.0,76,19.2,6.7,4.1,0.9,0.6,0.3,0.9,0.732,0.0,0.667,2.2,0,0
Dylan Windler,2020-21,CLE,24.0,31,16.5,5.2,3.5,1.1,0.6,0.4,1.0,0.438,0.338,0.778,-2.0,0,0
Dyson Daniels,2022-23,NOP,20.0,59,17.7,3.8,3.2,2.3,0.7,0.2,1.0,0.418,0.314,0.65,-0.1,0,0
Dyson Daniels,2023-24,NOP,21.0,61,22.3,5.8,3.9,2.7,1.4,0.4,1.0,0.447,0.311,0.642,1.2,0,0
E'Twaun Moore,2019-20,NOP,31.0,56,18.2,8.3,2.3,1.4,0.6,0.2,0.7,0.426,0.377,0.689,-0.8,0,0
Edmond Sumner,2020-21,IND,25.0,53,16.2,7.5,1.8,0.9,0.6,0.2,1.0,0.525,0.398,0.819,-0.6,0,0
Elfrid Payton,2019-20,NYK,26.0,45,27.7,10.0,4.7,7.2,1.6,0.4,2.1,0.439,0.203,0.57,-1.9,0,0
Elfrid Payton,2020-21,NYK,27.0,63,23.6,10.1,3.4,3.2,0.7,0.1,1.6,0.432,0.286,0.682,-1.6,0,0
Emmanuel Mudiay,2019-20,UTA,24.0,54,15.7,7.3,2.3,2.1,0.4,0.2,1.4,0.462,0.345,0.759,-0.8,0,0
Enes Freedom,2019-20,BOS,28.0,58,17.0,8.1,7.4,1.0,0.4,0.7,1.0,0.572,0.143,0.707,3.6,0,0
Enes Freedom,2020-21,POR,29.0,72,24.4,11.2,11.0,1.2,0.5,0.7,1.1,0.604,0.25,0.774,2.2,0,0
Eric Bledsoe,2019-20,MIL,30.0,61,27.0,14.9,4.6,5.4,0.9,0.4,2.4,0.475,0.344,0.79,7.1,0,0
Eric Bledsoe,2020-21,NOP,31.0,71,29.7,12.2,3.4,3.8,0.8,0.3,1.6,0.421,0.341,0.687,-0.9,0,0
Eric Bledsoe,2021-22,POR,32.0,54,25.2,9.9,3.4,4.2,1.3,0.4,2.1,0.421,0.313,0.761,-0.7,0,0
Eric Gordon,2019-20,HOU,31.0,36,28.2,14.4,2.0,1.5,0.6,0.4,1.2,0.369,0.317,0.766,0.1,0,0
Eric Gordon,2021-22,HOU,33.0,57,29.3,13.4,2.0,2.7,0.5,0.3,1.9,0.475,0.412,0.778,-3.1,0,0
Eric Gordon,2022-23,LAC,34.0,69,28.5,12.4,1.9,2.7,0.6,0.4,1.5,0.446,0.371,0.821,-3.0,0,0
Eric Gordon,2023-24,PHX,35.0,68,27.8,11.0,1.8,2.0,1.0,0.4,1.1,0.443,0.378,0.797,1.9,0,0
Eric Paschall,2019-20,GSW,23.0,60,27.6,14.0,4.6,2.1,0.5,0.2,1.6,0.497,0.287,0.774,-6.3,0,0
Eric Paschall,2020-21,GSW,24.0,40,17.4,9.5,3.2,1.3,0.3,0.2,1.1,0.497,0.333,0.713,-2.8,0,0
Ersan Ilyasova,2019-20,MIL,33.0,63,15.7,6.6,4.8,0.8,0.4,0.3,0.5,0.466,0.365,0.828,1.3,0,0
Eugene Omoruyi,2022-23,DET,26.0,40,16.1,7.0,2.8,0.7,0.7,0.1,0.9,0.443,0.281,0.68,-1.0,0,0
Evan Fournier,2019-20,ORL,27.0,66,31.4,18.5,2.6,3.2,1.1,0.2,1.9,0.467,0.399,0.818,-1.2,0,0
Evan Fournier,2020-21,BOS,28.0,42,30.0,17.1,3.0,3.4,1.1,0.5,1.7,0.457,0.413,0.788,-0.8,0,0
Evan Fournier,2021-22,NYK,29.0,80,29.5,14.1,2.6,2.1,1.0,0.3,1.3,0.417,0.389,0.708,-1.2,0,0
Evan Fournier,2023-24,DET,31.0,32,18.1,6.9,1.8,1.5,0.9,0.2,0.7,0.357,0.254,0.806,-4.4,0,0
Evan Mobley,2021-22,CLE,21.0,69,33.8,15.0,8.3,2.5,0.8,1.7,1.9,0.508,0.25,0.663,1.4,0,0
Evan Mobley,2022-23,CLE,22.0,79,34.4,16.2,9.0,2.8,0.8,1.5,1.8,0.554,0.216,0.674,4.3,0,0
Evan Mobley,2023-24,CLE,23.0,50,30.6,15.7,9.4,3.2,0.9,1.4,1.8,0.58,0.373,0.719,0.7,0,0
Facundo Campazzo,2020-21,DEN,30.0,65,21.9,6.1,2.1,3.6,1.2,0.2,1.1,0.381,0.352,0.879,1.2,0,0
Facundo Campazzo,2021-22,DEN,31.0,65,18.2,5.1,1.8,3.4,1.0,0.4,1.0,0.361,0.301,0.769,-3.3,0,0
Frank Jackson,2020-21,DET,23.0,40,18.5,9.8,2.2,0.9,0.4,0.0,0.9,0.457,0.407,0.813,-0.3,0,0
Frank Jackson,2021-22,DET,24.0,53,22.0,10.6,1.6,1.0,0.5,0.2,0.7,0.402,0.308,0.827,-3.5,0,0
Frank Kaminsky,2019-20,PHX,27.0,39,19.9,9.7,4.5,1.9,0.4,0.3,0.9,0.45,0.331,0.678,-0.2,0,0
Frank Kaminsky,2020-21,PHX,28.0,47,15.2,6.6,4.0,1.7,0.3,0.4,0.5,0.471,0.365,0.617,1.2,0,0
Frank Ntilikina,2019-20,NYK,21.0,57,20.8,6.3,2.1,3.0,0.9,0.3,1.2,0.393,0.321,0.864,-1.7,0,0
Franz Wagner,2021-22,ORL,20.0,79,30.7,15.2,4.5,2.9,0.9,0.4,1.5,0.468,0.354,0.863,-3.1,0,0
Franz Wagner,2022-23,ORL,21.0,80,32.6,18.6,4.1,3.5,1.0,0.2,2.1,0.485,0.361,0.842,0.6,0,0
Franz Wagner,2023-24,ORL,22.0,72,32.5,19.7,5.3,3.7,1.1,0.4,1.9,0.482,0.281,0.85,2.8,0,0
Fred VanVleet,2019-20,TOR,26.0,54,35.7,17.6,3.8,6.6,1.9,0.3,2.2,0.413,0.39,0.848,3.8,0,0
Fred VanVleet,2020-21,TOR,27.0,52,36.5,19.6,4.2,6.3,1.7,0.7,1.8,0.389,0.366,0.885,2.7,0,0
Fred VanVleet,2021-22,TOR,28.0,65,37.9,20.3,4.4,6.7,1.7,0.5,2.6,0.403,0.377,0.874,3.3,0,0
Fred VanVleet,2022-23,TOR,29.0,69,36.7,19.3,4.1,7.2,1.8,0.6,2.0,0.393,0.342,0.898,2.8,0,0
Fred VanVleet,2023-24,HOU,30.0,73,36.8,17.4,3.8,8.1,1.4,0.8,1.7,0.416,0.387,0.86,2.5,0,0
Furkan Korkmaz,2019-20,PHI,22.0,72,21.7,9.8,2.3,1.1,0.6,0.2,0.8,0.43,0.402,0.755,1.3,0,0
Furkan Korkmaz,2020-21,PHI,23.0,55,19.3,9.1,2.1,1.5,0.9,0.2,0.8,0.401,0.375,0.732,2.6,0,0
Furkan Korkmaz,2021-22,PHI,24.0,67,21.1,7.6,2.6,1.9,0.5,0.1,0.7,0.387,0.289,0.81,0.5,0,0
GG Jackson,2023-24,MEM,19.0,48,25.7,14.6,4.1,1.2,0.6,0.5,1.4,0.428,0.357,0.752,-4.0,0,0
Gabe Vincent,2021-22,MIA,26.0,68,23.4,8.7,1.9,3.1,0.9,0.2,1.4,0.417,0.368,0.815,1.5,0,0
Gabe Vincent,2022-23,MIA,27.0,68,25.9,9.4,2.1,2.5,0.9,0.1,1.4,0.402,0.334,0.872,-0.4,0,0
Garrett Temple,2019-20,BKN,34.0,62,27.9,10.3,3.5,2.5,0.8,0.5,1.0,0.378,0.329,0.805,-0.7,0,0
Garrett Temple,2020-21,CHI,35.0,56,27.3,7.6,2.9,2.2,0.8,0.5,1.0,0.415,0.335,0.8,0.9,0,0
Garrett Temple,2021-22,NOP,36.0,59,18.6,5.2,2.4,1.3,0.7,0.4,0.7,0.376,0.319,0.683,-5.5,0,0
Garrison Mathews,2020-21,WAS,24.0,64,16.2,5.5,1.4,0.4,0.5,0.1,0.2,0.409,0.384,0.884,-2.1,0,0
Garrison Mathews,2021-22,HOU,25.0,65,26.3,10.0,2.9,1.0,0.9,0.4,0.6,0.399,0.36,0.794,-3.4,0,0
Garrison Mathews,2023-24,ATL,27.0,66,15.0,4.9,1.4,0.6,0.3,0.1,0.3,0.456,0.44,0.81,-1.5,0,0
Gary Clark,2020-21,PHI,26.0,39,16.8,3.1,2.9,0.8,0.3,0.2,0.4,0.303,0.287,0.8,-2.8,0,0
Gary Harris,2019-20,DEN,25.0,56,31.8,10.4,2.9,2.1,1.4,0.3,1.1,0.42,0.333,0.815,2.2,0,0
Gary Harris,2020-21,ORL,26.0,39,27.7,9.9,2.0,2.0,0.7,0.3,0.9,0.4,0.34,0.821,-2.1,0,0
Gary Harris,2021-22,ORL,27.0,61,28.4,11.1,2.0,1.8,1.0,0.1,1.0,0.434,0.384,0.874,-3.4,0,0
Gary Harris,2022-23,ORL,28.0,48,24.7,8.3,2.0,1.2,0.9,0.3,0.6,0.45,0.431,0.9,-1.8,0,0
Gary Harris,2023-24,ORL,29.0,54,24.0,6.9,1.7,1.6,0.9,0.3,0.6,0.441,0.371,0.756,1.7,0,0
Gary Payton II,2021-22,GSW,29.0,71,17.6,7.1,3.5,0.9,1.4,0.3,0.6,0.616,0.358,0.603,2.5,0,0
Gary Payton II,2023-24,GSW,31.0,44,15.5,5.5,2.6,1.1,0.9,0.4,0.6,0.563,0.364,0.609,1.9,0,0
Gary Trent Jr.,2019-20,POR,21.0,61,21.8,8.9,1.6,1.0,0.8,0.3,0.3,0.444,0.418,0.822,-0.9,0,0
Gary Trent Jr.,2020-21,TOR,22.0,58,31.1,15.3,2.6,1.4,1.0,0.2,0.7,0.408,0.385,0.783,-1.0,0,0
Gary Trent Jr.,2021-22,TOR,23.0,70,35.0,18.3,2.7,2.0,1.7,0.3,1.0,0.414,0.383,0.853,2.4,0,0
Gary Trent Jr.,2022-23,TOR,24.0,66,32.1,17.4,2.6,1.6,1.6,0.2,0.8,0.433,0.369,0.839,-0.8,0,0
Gary Trent Jr.,2023-24,TOR,25.0,71,28.1,13.7,2.6,1.7,1.1,0.1,0.7,0.426,0.393,0.771,-2.7,0,0
George Hill,2019-20,MIL,34.0,59,21.5,9.4,3.0,3.1,0.8,0.1,1.0,0.516,0.46,0.842,5.1,0,0
George Hill,2020-21,PHI,35.0,30,22.4,8.7,2.0,2.4,0.8,0.2,1.0,0.482,0.388,0.8,-0.3,0,0
George Hill,2021-22,MIL,36.0,54,23.2,6.2,2.9,2.2,0.8,0.1,0.8,0.429,0.306,0.919,5.8,0,0
George Hill,2022-23,IND,37.0,46,18.1,5.0,1.8,2.4,0.6,0.1,0.7,0.47,0.358,0.764,0.9,0,0
Georges Niang,2020-21,UTA,28.0,72,16.0,6.9,2.4,0.8,0.3,0.1,0.7,0.437,0.425,0.957,4.9,0,0
Georges Niang,2021-22,PHI,29.0,76,22.8,9.2,2.7,1.3,0.4,0.2,0.8,0.437,0.403,0.881,0.9,0,0
Georges Niang,2022-23,PHI,30.0,78,19.4,8.2,2.4,1.0,0.4,0.2,0.7,0.442,0.401,0.867,1.0,0,0
Georges Niang,2023-24,CLE,31.0,82,22.3,9.4,3.4,1.2,0.4,0.2,0.9,0.449,0.376,0.85,0.4,0,0
Giannis Antetokounmpo,2019-20,MIL,25.0,63,30.4,29.5,13.6,5.6,1.0,1.0,3.7,0.553,0.304,0.633,10.8,1,0
Giannis Antetokounmpo,2020-21,MIL,26.0,61,33.0,28.1,11.0,5.9,1.2,1.2,3.4,0.569,0.303,0.685,6.7,1,1
Giannis Antetokounmpo,2021-22,MIL,27.0,67,32.9,29.9,11.6,5.8,1.1,1.4,3.3,0.553,0.293,0.722,5.9,1,2
Giannis Antetokounmpo,2022-23,MIL,28.0,63,32.1,31.1,11.8,5.7,0.8,0.8,3.9,0.553,0.275,0.645,5.4,1,3
Giannis Antetokounmpo,2023-24,MIL,29.0,73,35.2,30.4,11.5,6.5,1.2,1.1,3.4,0.611,0.274,0.657,4.6,1,4
Glenn Robinson III,2019-20,PHI,26.0,62,28.8,11.7,4.4,1.5,0.9,0.3,0.9,0.486,0.391,0.86,-4.8,0,0
Goga Bitadze,2023-24,ORL,24.0,62,15.4,5.0,4.6,1.3,0.5,1.2,0.7,0.603,0.143,0.655,0.4,0,0
Goran Dragic,2019-20,MIA,34.0,59,28.2,16.2,3.2,5.1,0.7,0.2,2.4,0.441,0.367,0.776,2.8,0,0
Goran Dragic,2020-21,MIA,35.0,50,26.7,13.4,3.4,4.4,0.7,0.2,2.4,0.432,0.373,0.828,0.8,0,0
Goran Dragic,2022-23,MIL,37.0,58,15.0,6.3,1.4,2.6,0.2,0.1,1.1,0.421,0.359,0.689,0.1,0,0
Gordon Hayward,2019-20,BOS,30.0,52,33.5,17.5,6.7,4.1,0.7,0.4,1.8,0.5,0.383,0.855,6.4,0,0
Gordon Hayward,2020-21,CHA,31.0,44,34.0,19.6,5.9,4.1,1.2,0.3,2.1,0.473,0.415,0.843,0.4,0,0
Gordon Hayward,2021-22,CHA,32.0,49,31.9,15.9,4.6,3.6,1.0,0.4,1.7,0.459,0.391,0.846,-0.4,0,0
Gordon Hayward,2022-23,CHA,33.0,50,31.5,14.7,4.3,4.1,0.8,0.2,2.0,0.475,0.325,0.811,-2.2,0,0
Gordon Hayward,2023-24,OKC,34.0,51,24.4,9.8,3.5,3.1,0.8,0.3,1.3,0.464,0.411,0.742,-2.6,0,0
Gorgui Dieng,2019-20,MEM,30.0,63,17.4,7.4,5.6,1.2,0.8,0.9,1.0,0.456,0.355,0.772,-1.6,0,0
Gradey Dick,2023-24,TOR,20.0,60,21.1,8.5,2.2,1.1,0.6,0.0,0.8,0.425,0.365,0.863,-6.3,0,0
Grant Williams,2019-20,BOS,21.0,69,15.1,3.4,2.6,1.0,0.4,0.5,0.7,0.412,0.25,0.722,1.9,0,0
Grant Williams,2020-21,BOS,22.0,63,18.1,4.7,2.8,1.0,0.5,0.4,0.9,0.437,0.372,0.588,-0.8,0,0
Grant Williams,2021-22,BOS,23.0,77,24.4,7.8,3.6,1.0,0.5,0.7,0.8,0.475,0.411,0.905,1.9,0,0
Grant Williams,2022-23,BOS,24.0,79,25.9,8.1,4.6,1.7,0.5,0.4,1.0,0.454,0.395,0.77,2.6,0,0
Grant Williams,2023-24,CHA,25.0,76,28.0,10.3,4.2,2.3,0.6,0.5,1.4,0.456,0.375,0.757,-3.2,0,0
Grayson Allen,2019-20,MEM,24.0,38,18.9,8.7,2.2,1.4,0.3,0.1,0.9,0.466,0.404,0.867,-2.5,0,0
Grayson Allen,2020-21,MEM,25.0,50,25.2,10.6,3.2,2.2,0.9,0.2,1.0,0.418,0.391,0.868,0.2,0,0
Grayson Allen,2021-22,MIL,26.0,66,27.3,11.1,3.4,1.5,0.7,0.3,0.7,0.448,0.409,0.865,3.5,0,0
Grayson Allen,2022-23,MIL,27.0,72,27.4,10.4,3.3,2.3,0.9,0.2,1.0,0.44,0.399,0.905,3.2,0,0
Grayson Allen,2023-24,PHX,28.0,75,33.5,13.5,3.9,3.0,0.9,0.6,1.3,0.499,0.461,0.878,3.5,0,0
Hamidou Diallo,2019-20,OKC,21.0,46,19.5,6.9,3.6,0.8,0.8,0.2,1.1,0.446,0.281,0.603,0.3,0,0
Hamidou Diallo,2020-21,DET,22.0,52,23.6,11.6,5.2,1.9,0.8,0.5,1.5,0.477,0.341,0.64,-3.7,0,0
Hamidou Diallo,2021-22,DET,23.0,58,21.9,11.0,4.8,1.3,1.2,0.3,1.0,0.496,0.247,0.65,-3.6,0,0
Hamidou Diallo,2022-23,DET,24.0,56,17.8,9.3,3.5,1.0,0.9,0.3,1.3,0.573,0.238,0.588,-0.3,0,0
Harrison Barnes,2019-20,SAC,28.0,72,34.5,14.5,4.9,2.2,0.6,0.2,1.2,0.46,0.381,0.801,-1.7,0,0
Harrison Barnes,2020-21,SAC,29.0,58,36.2,16.1,6.6,3.5,0.7,0.2,1.6,0.497,0.391,0.83,-1.0,0,0
Harrison Barnes,2021-22,SAC,30.0,77,33.6,16.4,5.6,2.4,0.7,0.2,1.5,0.469,0.394,0.826,-4.9,0,0
Harrison Barnes,2022-23,SAC,31.0,82,32.5,15.0,4.5,1.6,0.7,0.1,1.0,0.473,0.374,0.847,3.1,0,0
Harrison Barnes,2023-24,SAC,32.0,82,29.0,12.2,3.0,1.2,0.7,0.1,0.7,0.474,0.387,0.801,-1.0,0,0
Hassan Whiteside,2019-20,POR,31.0,67,30.0,15.5,13.5,1.2,0.4,2.9,1.8,0.621,0.571,0.686,1.7,0,0
Hassan Whiteside,2020-21,SAC,32.0,36,15.2,8.1,6.0,0.6,0.3,1.3,1.1,0.563,0.0,0.519,-2.9,0,0
Hassan Whiteside,2021-22,UTA,33.0,65,17.9,8.2,7.6,0.4,0.3,1.6,0.8,0.652,0.0,0.623,3.5,0,0
Haywood Highsmith,2022-23,MIA,26.0,54,18.0,4.4,3.5,0.8,0.7,0.3,0.8,0.431,0.339,0.464,-1.9,0,0
Haywood Highsmith,2023-24,MIA,27.0,66,20.7,6.1,3.2,1.1,0.8,0.5,0.5,0.465,0.396,0.639,0.1,0,0
Herbert Jones,2021-22,NOP,23.0,78,29.9,9.5,3.8,2.1,1.7,0.8,1.3,0.476,0.337,0.84,0.9,0,0
Herbert Jones,2022-23,NOP,24.0,66,29.6,9.8,4.1,2.5,1.6,0.6,1.3,0.469,0.335,0.764,2.3,0,0
Herbert Jones,2023-24,NOP,25.0,76,30.5,11.0,3.6,2.6,1.4,0.8,1.2,0.498,0.418,0.867,3.0,0,0
Ian Mahinmi,2019-20,WAS,33.0,38,21.3,7.4,5.7,1.3,0.8,1.2,1.2,0.495,0.192,0.619,-2.1,0,0
Immanuel Quickley,2020-21,NYK,22.0,64,19.4,11.4,2.1,2.0,0.5,0.2,0.9,0.395,0.389,0.891,2.8,0,0
Immanuel Quickley,2021-22,NYK,23.0,78,23.1,11.3,3.2,3.5,0.7,0.0,1.3,0.392,0.346,0.881,3.4,0,0
Immanuel Quickley,2022-23,NYK,24.0,81,28.9,14.9,4.2,3.4,1.0,0.2,1.2,0.448,0.37,0.819,3.9,0,0
Immanuel Quickley,2023-24,TOR,25.0,68,29.2,17.0,3.8,4.9,0.7,0.1,1.5,0.434,0.395,0.853,-0.5,0,0
Isaac Bonga,2019-20,WAS,20.0,66,18.9,5.0,3.4,1.2,0.7,0.3,0.9,0.504,0.352,0.812,-0.5,0,0
Isaac Okoro,2020-21,CLE,20.0,67,32.4,9.6,3.1,1.9,0.9,0.4,1.3,0.42,0.29,0.726,-6.1,0,0
Isaac Okoro,2021-22,CLE,21.0,67,29.6,8.8,3.0,1.8,0.8,0.3,0.9,0.48,0.35,0.768,1.5,0,0
Isaac Okoro,2022-23,CLE,22.0,76,21.7,6.4,2.5,1.1,0.7,0.4,0.6,0.494,0.363,0.757,1.7,0,0
Isaac Okoro,2023-24,CLE,23.0,69,27.3,9.4,3.0,1.9,0.8,0.5,0.8,0.49,0.391,0.679,0.6,0,0
Isaiah Hartenstein,2021-22,LAC,24.0,68,17.9,8.3,4.9,2.4,0.7,1.1,1.2,0.626,0.467,0.689,2.5,0,0
Isaiah Hartenstein,2022-23,NYK,25.0,82,19.9,5.0,6.5,1.2,0.6,0.8,0.8,0.535,0.216,0.676,1.8,0,0
Isaiah Hartenstein,2023-24,NYK,26.0,75,25.3,7.8,8.3,2.5,1.2,1.1,1.2,0.644,0.333,0.707,5.4,0,0
Isaiah Jackson,2021-22,IND,20.0,36,15.0,8.3,4.1,0.3,0.7,1.4,1.1,0.563,0.313,0.682,-1.1,0,0
Isaiah Jackson,2022-23,IND,21.0,63,16.5,7.2,4.5,0.8,0.5,1.5,0.8,0.563,0.143,0.651,-2.0,0,0
Isaiah Joe,2022-23,OKC,23.0,73,19.1,9.5,2.4,1.2,0.7,0.1,0.5,0.441,0.409,0.82,2.9,0,0
Isaiah Joe,2023-24,OKC,24.0,78,18.5,8.2,2.3,1.3,0.6,0.3,0.6,0.458,0.416,0.865,4.5,0,0
Isaiah Livers,2022-23,DET,24.0,52,23.1,6.7,2.8,0.8,0.5,0.5,0.6,0.417,0.365,0.821,-3.9,0,0
Isaiah Roby,2020-21,OKC,23.0,61,23.4,8.7,5.6,1.8,0.9,0.6,1.9,0.483,0.294,0.744,-7.2,0,0
Isaiah Roby,2021-22,OKC,24.0,45,21.1,10.1,4.8,1.6,0.8,0.8,1.0,0.514,0.444,0.672,-4.1,0,0
Isaiah Stewart,2020-21,DET,20.0,68,21.4,7.9,6.7,0.9,0.6,1.3,1.0,0.553,0.333,0.696,-0.9,0,0
Isaiah Stewart,2021-22,DET,21.0,71,25.6,8.3,8.7,1.2,0.3,1.1,1.2,0.51,0.326,0.718,-5.2,0,0
Isaiah Stewart,2022-23,DET,22.0,50,28.3,11.3,8.1,1.4,0.4,0.7,1.4,0.442,0.327,0.738,-4.5,0,0
Isaiah Stewart,2023-24,DET,23.0,46,30.9,10.9,6.6,1.6,0.4,0.8,1.4,0.487,0.383,0.753,-2.9,0,0
Isaiah Thomas,2019-20,WAS,31.0,40,23.1,12.2,1.7,3.7,0.3,0.2,1.9,0.408,0.413,0.816,-5.0,0,0
Ish Smith,2019-20,WAS,31.0,68,26.3,10.9,3.2,4.9,0.9,0.4,1.4,0.447,0.367,0.721,-2.1,0,0
Ish Smith,2020-21,WAS,32.0,44,21.0,6.7,3.4,3.9,0.7,0.3,0.9,0.434,0.367,0.576,1.2,0,0
Ish Smith,2021-22,WAS,33.0,65,17.3,6.3,2.2,3.8,0.7,0.4,1.2,0.43,0.373,0.625,-2.4,0,0
Ish Smith,2023-24,CHA,35.0,43,17.2,3.2,1.8,3.4,0.4,0.1,1.1,0.418,0.5,0.75,-6.5,0,0
Ish Wainright,2022-23,PHX,28.0,60,15.3,4.2,2.3,0.9,0.6,0.4,0.4,0.37,0.329,0.839,1.5,0,0
Ivica Zubac,2019-20,LAC,23.0,72,18.4,8.3,7.5,1.1,0.2,0.9,0.8,0.613,0.0,0.747,3.2,0,0
Ivica Zubac,2020-21,LAC,24.0,72,22.3,9.0,7.2,1.3,0.3,0.9,1.1,0.652,0.25,0.789,2.5,0,0
Ivica Zubac,2021-22,LAC,25.0,76,24.4,10.3,8.5,1.6,0.5,1.0,1.5,0.626,0.0,0.727,-1.7,0,0
Ivica Zubac,2022-23,LAC,26.0,76,28.5,10.8,9.9,1.0,0.4,1.3,1.5,0.634,0.0,0.697,-0.4,0,0
Ivica Zubac,2023-24,LAC,27.0,68,26.4,11.7,9.2,1.4,0.3,1.2,1.2,0.649,0.0,0.723,2.7,0,0
JJ Redick,2019-20,NOP,36.0,60,26.3,15.3,2.5,2.0,0.3,0.2,1.3,0.453,0.453,0.892,-0.4,0,0
JJ Redick,2020-21,DAL,37.0,44,16.4,7.4,1.5,1.2,0.3,0.1,0.8,0.397,0.371,0.942,0.0,0,0
Ja Morant,2019-20,MEM,20.0,67,31.0,17.8,3.9,7.3,0.9,0.3,3.3,0.477,0.335,0.776,-0.3,0,0
Ja Morant,2020-21,MEM,21.0,63,32.6,19.1,4.0,7.4,0.9,0.2,3.2,0.449,0.303,0.728,1.7,0,0
Ja Morant,2021-22,MEM,22.0,57,33.1,27.4,5.7,6.7,1.2,0.4,3.4,0.493,0.344,0.761,3.3,1,0
Ja Morant,2022-23,MEM,23.0,61,31.9,26.2,5.9,8.1,1.1,0.3,3.4,0.466,0.307,0.748,5.0,1,1
JaMychal Green,2019-20,LAC,30.0,63,20.7,6.8,6.2,0.8,0.5,0.4,0.9,0.429,0.387,0.75,2.4,0,0
JaMychal Green,2020-21,DEN,31.0,58,19.3,8.1,4.8,0.9,0.4,0.4,0.9,0.463,0.399,0.807,1.7,0,0
JaMychal Green,2021-22,DEN,32.0,67,16.2,6.4,4.2,0.9,0.6,0.4,0.9,0.486,0.266,0.871,-1.3,0,0
JaVale McGee,2019-20,LAL,32.0,68,16.6,6.6,5.7,0.5,0.5,1.4,0.8,0.637,0.5,0.646,1.9,0,0
JaVale McGee,2021-22,PHX,34.0,74,15.8,9.2,6.7,0.6,0.3,1.1,1.3,0.629,0.222,0.699,1.6,0,0
Jabari Parker,2019-20,SAC,25.0,38,24.2,14.0,5.6,1.8,1.2,0.4,1.7,0.51,0.269,0.753,-2.5,0,0
Jabari Smith Jr.,2022-23,HOU,20.0,79,31.0,12.8,7.2,1.3,0.5,0.9,1.3,0.408,0.307,0.786,-7.0,0,0
Jabari Smith Jr.,2023-24,HOU,21.0,76,31.9,13.7,8.1,1.6,0.7,0.8,1.2,0.454,0.363,0.811,-1.1,0,0
Jabari Walker,2023-24,POR,21.0,72,23.6,8.9,7.1,1.0,0.6,0.3,0.9,0.46,0.295,0.754,-4.7,0,0
Jacob Gilyard,2023-24,BKN,25.0,41,17.0,4.2,1.1,3.3,0.8,0.1,0.7,0.4,0.405,1.0,-4.2,0,0
Jaden Ivey,2022-23,DET,21.0,74,31.1,16.3,3.9,5.2,0.8,0.2,3.2,0.416,0.343,0.747,-8.7,0,0
Jaden Ivey,2023-24,DET,22.0,77,28.8,15.4,3.4,3.8,0.7,0.5,2.5,0.429,0.336,0.749,-4.5,0,0
Jaden McDaniels,2020-21,MIN,20.0,63,24.0,6.8,3.7,1.1,0.6,1.0,0.7,0.447,0.364,0.6,-1.6,0,0
Jaden McDaniels,2021-22,MIN,21.0,70,25.8,9.2,4.2,1.1,0.7,0.8,1.1,0.46,0.317,0.803,0.0,0,0
Jaden McDaniels,2022-23,MIN,22.0,79,30.6,12.1,3.9,1.9,0.9,1.0,1.4,0.517,0.398,0.736,0.9,0,0
Jaden McDaniels,2023-24,MIN,23.0,72,29.2,10.5,3.1,1.4,0.9,0.6,1.2,0.489,0.337,0.722,2.2,0,0
Jae Crowder,2019-20,MIA,29.0,65,28.8,10.5,5.9,2.5,1.1,0.4,1.1,0.401,0.343,0.776,-2.0,0,0
Jae Crowder,2020-21,PHX,30.0,60,27.5,10.1,4.7,2.1,0.8,0.5,0.9,0.404,0.389,0.76,3.6,0,0
Jae Crowder,2021-22,PHX,31.0,67,28.1,9.4,5.3,1.9,1.4,0.4,0.8,0.399,0.348,0.789,5.9,0,0
Jae Crowder,2023-24,MIL,33.0,50,23.1,6.2,3.2,1.3,0.8,0.2,0.5,0.422,0.349,0.722,-1.4,0,0
Jae'Sean Tate,2020-21,HOU,25.0,70,29.2,11.3,5.3,2.5,1.2,0.5,1.4,0.506,0.308,0.694,-2.7,0,0
Jae'Sean Tate,2021-22,HOU,26.0,78,26.4,11.8,5.4,2.8,0.9,0.5,1.8,0.498,0.312,0.707,-5.2,0,0
Jae'Sean Tate,2022-23,HOU,27.0,31,21.9,9.1,3.8,2.7,0.7,0.2,1.5,0.48,0.283,0.725,-3.0,0,0
Jae'Sean Tate,2023-24,HOU,28.0,65,15.9,4.1,3.0,1.0,0.6,0.2,0.6,0.472,0.299,0.667,1.2,0,0
Jahlil Okafor,2019-20,NOP,24.0,30,15.6,8.1,4.2,1.2,0.2,0.7,1.3,0.623,0.333,0.645,-3.4,0,0
Jaime Jaquez Jr.,2023-24,MIA,23.0,75,28.2,11.9,3.8,2.6,1.0,0.3,1.5,0.489,0.322,0.811,1.4,0,0
Jake LaRavia,2023-24,MEM,22.0,35,23.0,10.8,3.7,1.7,0.8,0.3,1.3,0.389,0.34,0.826,-3.3,0,0
Jakob Poeltl,2019-20,SAS,24.0,66,17.7,5.6,5.7,1.8,0.6,1.4,0.8,0.624,0.0,0.465,1.8,0,0
Jakob Poeltl,2020-21,SAS,25.0,69,26.7,8.6,7.9,1.9,0.7,1.8,1.2,0.616,0.0,0.508,1.6,0,0
Jakob Poeltl,2021-22,SAS,26.0,68,29.0,13.5,9.3,2.8,0.7,1.7,1.6,0.618,1.0,0.495,1.7,0,0
Jakob Poeltl,2022-23,TOR,27.0,72,26.5,12.5,9.1,2.7,0.9,1.2,1.7,0.629,0.0,0.592,-2.0,0,0
Jakob Poeltl,2023-24,TOR,28.0,50,26.4,11.1,8.6,2.5,0.7,1.5,1.5,0.656,0.0,0.551,-0.3,0,0
Jalen Brunson,2019-20,DAL,23.0,57,17.9,8.2,2.4,3.3,0.4,0.1,1.2,0.466,0.358,0.813,3.0,0,0
Jalen Brunson,2020-21,DAL,24.0,68,25.0,12.6,3.4,3.5,0.5,0.0,1.2,0.523,0.405,0.795,2.4,0,0
Jalen Brunson,2021-22,DAL,25.0,79,31.9,16.3,3.9,4.8,0.8,0.0,1.6,0.502,0.373,0.84,2.9,0,0
Jalen Brunson,2022-23,NYK,26.0,68,35.0,24.0,3.5,6.2,0.9,0.2,2.1,0.491,0.416,0.829,2.2,0,0
Jalen Brunson,2023-24,NYK,27.0,77,35.4,28.7,3.6,6.7,0.9,0.2,2.4,0.479,0.401,0.847,6.6,1,0
Jalen Duren,2022-23,DET,19.0,67,24.9,9.1,8.9,1.1,0.7,0.9,1.4,0.648,0.0,0.611,-4.2,0,0
Jalen Duren,2023-24,DET,20.0,61,29.1,13.8,11.6,2.4,0.5,0.8,2.1,0.619,0.0,0.79,-5.1,0,0
Jalen Green,2021-22,HOU,20.0,67,31.9,17.3,3.4,2.6,0.7,0.3,2.0,0.426,0.343,0.797,-7.7,0,0
Jalen Green,2022-23,HOU,21.0,76,34.2,22.1,3.7,3.7,0.8,0.2,2.6,0.416,0.338,0.786,-5.9,0,0
Jalen Green,2023-24,HOU,22.0,82,31.7,19.6,5.2,3.5,0.8,0.3,2.3,0.423,0.332,0.804,0.4,0,0
Jalen Johnson,2023-24,ATL,22.0,56,33.7,16.0,8.7,3.6,1.2,0.8,1.8,0.511,0.355,0.728,-1.4,0,0
Jalen McDaniels,2020-21,CHA,23.0,47,19.2,7.4,3.6,1.1,0.6,0.4,1.0,0.468,0.333,0.703,-3.8,0,0
Jalen McDaniels,2021-22,CHA,24.0,55,16.3,6.2,3.1,1.1,0.5,0.4,0.7,0.484,0.38,0.736,0.8,0,0
Jalen McDaniels,2022-23,PHI,25.0,80,23.9,9.4,4.3,1.6,1.0,0.4,1.2,0.455,0.332,0.841,-1.9,0,0
Jalen Smith,2021-22,IND,22.0,51,18.1,9.2,6.0,0.5,0.3,0.8,0.8,0.503,0.328,0.765,0.6,0,0
Jalen Smith,2022-23,IND,23.0,68,18.8,9.4,5.8,1.0,0.3,0.9,1.1,0.476,0.283,0.759,-1.4,0,0
Jalen Smith,2023-24,IND,24.0,61,17.2,9.9,5.5,1.0,0.3,0.6,0.7,0.592,0.424,0.692,-0.2,0,0
Jalen Suggs,2021-22,ORL,21.0,48,27.2,11.8,3.6,4.4,1.2,0.4,3.0,0.361,0.214,0.773,-4.3,0,0
Jalen Suggs,2022-23,ORL,22.0,53,23.5,9.9,3.0,2.9,1.3,0.5,1.8,0.419,0.327,0.723,-0.8,0,0
Jalen Suggs,2023-24,ORL,23.0,75,27.0,12.6,3.1,2.7,1.4,0.6,1.8,0.471,0.397,0.756,0.6,0,0
Jalen Williams,2022-23,OKC,22.0,75,30.3,14.1,4.5,3.3,1.4,0.5,1.6,0.521,0.356,0.812,-0.7,0,0
Jalen Williams,2023-24,OKC,23.0,71,31.3,19.1,4.0,4.5,1.1,0.6,1.7,0.54,0.427,0.814,5.4,0,0
Jalen Wilson,2023-24,BKN,23.0,43,15.5,5.0,3.0,1.0,0.3,0.1,0.4,0.425,0.324,0.826,-0.1,0,0
Jamal Murray,2019-20,DEN,23.0,59,32.3,18.5,4.0,4.8,1.1,0.3,2.2,0.456,0.346,0.881,4.1,0,0
Jamal Murray,2020-21,DEN,24.0,48,35.5,21.2,4.0,4.8,1.3,0.3,2.3,0.477,0.408,0.869,6.3,0,0
Jamal Murray,2022-23,DEN,26.0,65,32.8,20.0,4.0,6.2,1.0,0.2,2.2,0.454,0.398,0.833,4.6,0,0
Jamal Murray,2023-24,DEN,27.0,59,31.5,21.2,4.1,6.5,1.0,0.7,2.1,0.481,0.425,0.853,5.3,0,0
James Bouknight,2022-23,CHA,22.0,34,15.2,5.6,2.1,1.2,0.4,0.1,0.9,0.358,0.303,0.667,-2.9,0,0
James Ennis III,2019-20,ORL,29.0,69,18.3,6.6,3.6,0.9,0.5,0.3,0.8,0.446,0.325,0.806,0.0,0,0
James Ennis III,2020-21,ORL,30.0,41,24.1,8.4,4.0,1.5,0.8,0.2,0.9,0.473,0.433,0.805,-1.8,0,0
James Harden,2019-20,HOU,30.0,68,36.5,34.3,6.6,7.5,1.8,0.9,4.5,0.444,0.355,0.865,4.2,1,0
James Harden,2020-21,BKN,31.0,44,36.6,24.6,7.9,10.8,1.2,0.8,4.0,0.466,0.362,0.861,2.3,1,1
James Harden,2021-22,PHI,32.0,65,37.2,22.0,7.7,10.3,1.3,0.6,4.4,0.41,0.33,0.877,2.7,1,2
James Harden,2022-23,PHI,33.0,58,36.8,21.0,6.1,10.7,1.2,0.5,3.4,0.441,0.385,0.867,4.8,0,3
James Harden,2023-24,LAC,34.0,72,34.3,16.6,5.1,8.5,1.1,0.8,2.6,0.428,0.381,0.878,4.0,0,3
James Johnson,2019-20,MIN,33.0,32,19.4,8.4,3.7,2.3,0.8,1.0,1.5,0.479,0.363,0.646,-2.3,0,0
James Johnson,2020-21,NOP,34.0,51,20.5,7.2,3.5,1.9,0.8,0.8,1.1,0.446,0.258,0.592,-2.5,0,0
James Johnson,2021-22,BKN,35.0,62,19.2,5.5,3.5,2.1,0.5,0.5,0.8,0.469,0.271,0.527,-1.0,0,0
James Wiseman,2020-21,GSW,20.0,39,21.4,11.5,5.8,0.7,0.3,0.9,1.5,0.519,0.316,0.628,-4.7,0,0
James Wiseman,2022-23,DET,22.0,45,19.3,10.0,5.9,0.7,0.2,0.6,1.1,0.558,0.2,0.701,-7.3,0,0
James Wiseman,2023-24,DET,23.0,63,17.3,7.1,5.3,0.9,0.2,0.6,1.0,0.613,0.0,0.706,-5.2,0,0
Jaren Jackson Jr.,2019-20,MEM,20.0,57,28.5,17.4,4.6,1.4,0.7,1.6,1.7,0.469,0.394,0.747,-1.8,0,0
Jaren Jackson Jr.,2021-22,MEM,22.0,78,27.3,16.3,5.8,1.1,0.9,2.3,1.7,0.415,0.319,0.823,4.6,0,0
Jaren Jackson Jr.,2022-23,MEM,23.0,63,28.4,18.6,6.8,1.0,1.0,3.0,1.7,0.506,0.355,0.788,5.8,1,0
Jaren Jackson Jr.,2023-24,MEM,24.0,66,32.2,22.5,5.5,2.3,1.2,1.6,2.4,0.444,0.32,0.808,-5.2,0,1
Jarred Vanderbilt,2020-21,MIN,22.0,64,17.8,5.4,5.8,1.2,1.0,0.7,0.8,0.606,0.2,0.559,-0.8,0,0
Jarred Vanderbilt,2021-22,MIN,23.0,74,25.4,6.9,8.4,1.3,1.3,0.6,1.0,0.587,0.143,0.656,2.2,0,0
Jarred Vanderbilt,2022-23,LAL,24.0,78,24.1,7.9,7.5,2.4,1.1,0.3,1.2,0.548,0.322,0.691,-1.3,0,0
Jarrett Allen,2019-20,BKN,22.0,70,26.5,11.1,9.6,1.6,0.6,1.3,1.1,0.649,0.0,0.633,0.6,0,0
Jarrett Allen,2020-21,CLE,23.0,63,29.6,12.8,10.0,1.7,0.5,1.4,1.6,0.618,0.316,0.703,-3.2,0,0
Jarrett Allen,2021-22,CLE,24.0,56,32.3,16.1,10.8,1.6,0.8,1.3,1.7,0.677,0.1,0.708,2.4,1,0
Jarrett Allen,2022-23,CLE,25.0,68,32.6,14.3,9.8,1.7,0.8,1.2,1.4,0.644,0.1,0.733,5.1,0,1
Jarrett Allen,2023-24,CLE,26.0,77,31.7,16.5,10.5,2.7,0.7,1.1,1.6,0.634,0.0,0.742,2.6,0,1
Jarrett Culver,2019-20,MIN,21.0,63,23.9,9.2,3.4,1.7,0.9,0.6,1.3,0.404,0.299,0.462,-1.6,0,0
Javonte Green,2021-22,CHI,28.0,65,23.4,7.2,4.2,0.9,1.0,0.5,0.5,0.542,0.356,0.833,0.3,0,0
Javonte Green,2022-23,CHI,29.0,32,15.0,5.2,2.8,0.7,0.8,0.7,0.6,0.565,0.371,0.667,1.5,0,0
Jaxson Hayes,2019-20,NOP,20.0,64,16.9,7.4,4.0,0.9,0.4,0.9,0.8,0.672,0.25,0.647,-0.9,0,0
Jaxson Hayes,2020-21,NOP,21.0,60,16.1,7.5,4.3,0.6,0.4,0.6,0.7,0.625,0.429,0.775,-0.4,0,0
Jaxson Hayes,2021-22,NOP,22.0,70,20.0,9.3,4.5,0.6,0.5,0.8,0.8,0.616,0.351,0.766,0.3,0,0
Jaylen Brown,2019-20,BOS,23.0,57,33.9,20.3,6.4,2.1,1.1,0.4,2.2,0.481,0.382,0.724,4.0,0,0
Jaylen Brown,2020-21,BOS,24.0,58,34.5,24.7,6.0,3.4,1.2,0.6,2.7,0.484,0.397,0.764,1.2,1,0
Jaylen Brown,2021-22,BOS,25.0,66,33.6,23.6,6.1,3.5,1.1,0.3,2.7,0.473,0.358,0.758,6.9,0,1
Jaylen Brown,2022-23,BOS,26.0,67,35.9,26.6,6.9,3.5,1.1,0.4,2.9,0.491,0.335,0.765,3.8,1,1
Jaylen Brown,2023-24,BOS,27.0,70,33.5,23.0,5.5,3.6,1.2,0.5,2.4,0.499,0.354,0.703,5.9,1,2
Jaylen Nowell,2020-21,MIN,21.0,42,18.1,9.0,2.3,1.5,0.5,0.3,0.7,0.424,0.333,0.818,-2.4,0,0
Jaylen Nowell,2021-22,MIN,22.0,62,15.7,8.5,2.0,2.1,0.4,0.2,0.6,0.475,0.394,0.783,1.1,0,0
Jaylen Nowell,2022-23,MIN,23.0,65,19.3,10.8,2.6,2.0,0.6,0.1,1.0,0.448,0.289,0.778,-0.1,0,0
Jaylin Williams,2022-23,OKC,21.0,49,18.7,5.9,4.9,1.6,0.6,0.2,0.8,0.436,0.407,0.704,-1.8,0,0
Jayson Tatum,2019-20,BOS,22.0,66,34.3,23.4,7.0,3.0,1.4,0.9,2.3,0.45,0.403,0.812,7.6,1,0
Jayson Tatum,2020-21,BOS,23.0,64,35.8,26.4,7.4,4.3,1.2,0.5,2.7,0.459,0.386,0.868,2.5,1,1
Jayson Tatum,2021-22,BOS,24.0,76,35.9,26.9,8.0,4.4,1.0,0.6,2.9,0.453,0.353,0.853,8.8,1,2
Jayson Tatum,2022-23,BOS,25.0,74,36.9,30.1,8.8,4.6,1.1,0.7,2.9,0.466,0.35,0.854,6.4,1,3
Jayson Tatum,2023-24,BOS,26.0,74,35.7,26.9,8.1,4.9,1.0,0.6,2.5,0.471,0.376,0.833,8.2,1,4
Jeff Green,2019-20,HOU,33.0,48,20.0,9.4,2.8,1.0,0.5,0.4,0.9,0.462,0.339,0.802,-1.8,0,0
Jeff Green,2020-21,BKN,34.0,68,27.0,11.0,3.9,1.6,0.5,0.4,0.8,0.492,0.412,0.776,1.7,0,0
Jeff Green,2021-22,DEN,35.0,75,24.7,10.3,3.1,1.3,0.4,0.4,0.9,0.524,0.315,0.833,0.8,0,0
Jeff Green,2022-23,DEN,36.0,56,19.5,7.8,2.6,1.2,0.3,0.3,0.8,0.488,0.288,0.744,-3.4,0,0
Jeff Green,2023-24,HOU,37.0,78,16.8,6.5,2.3,0.9,0.2,0.4,0.6,0.456,0.331,0.819,-1.0,0,0
Jeff Teague,2019-20,ATL,32.0,59,24.8,10.9,2.4,5.2,0.7,0.3,2.0,0.436,0.368,0.873,-2.9,0,0
Jeff Teague,2020-21,MIL,33.0,55,17.3,6.7,1.6,2.4,0.6,0.2,1.2,0.433,0.439,0.848,1.0,0,0
Jerami Grant,2019-20,DEN,26.0,71,26.6,12.0,3.5,1.2,0.7,0.8,0.9,0.478,0.389,0.75,-1.2,0,0
Jerami Grant,2020-21,DET,27.0,54,33.9,22.3,4.6,2.8,0.6,1.1,2.0,0.429,0.35,0.845,-2.2,0,0
Jerami Grant,2021-22,DET,28.0,47,31.9,19.2,4.1,2.4,0.9,1.0,1.8,0.426,0.358,0.838,-4.7,0,0
Jerami Grant,2022-23,POR,29.0,63,35.6,20.5,4.5,2.4,0.8,0.8,1.8,0.475,0.401,0.813,-0.6,0,0
Jerami Grant,2023-24,POR,30.0,54,33.9,21.0,3.5,2.8,0.8,0.6,2.1,0.451,0.402,0.817,-6.5,0,0
Jeremiah Robinson-Earl,2021-22,OKC,21.0,49,22.2,7.5,5.6,1.0,0.6,0.3,0.8,0.414,0.352,0.741,-4.9,0,0
Jeremiah Robinson-Earl,2022-23,OKC,22.0,43,18.9,6.8,4.2,1.0,0.6,0.3,0.4,0.444,0.333,0.833,-0.2,0,0
Jeremy Lamb,2019-20,IND,28.0,46,28.1,12.5,4.3,2.1,1.2,0.5,1.1,0.451,0.335,0.836,0.0,0,0
Jeremy Lamb,2020-21,IND,29.0,36,21.3,10.1,3.6,1.5,0.9,0.6,0.6,0.435,0.406,0.947,-0.4,0,0
Jeremy Lamb,2021-22,SAC,30.0,56,16.7,7.3,2.8,1.4,0.6,0.4,0.7,0.383,0.324,0.84,0.4,0,0
Jeremy Sochan,2022-23,SAS,20.0,56,26.0,11.0,5.3,2.5,0.8,0.4,1.7,0.453,0.246,0.698,-4.2,0,0
Jeremy Sochan,2023-24,SAS,21.0,74,29.6,11.6,6.4,3.4,0.8,0.5,1.9,0.438,0.308,0.771,-4.6,0,0
Jericho Sims,2022-23,NYK,24.0,52,15.6,3.4,4.7,0.5,0.3,0.5,0.5,0.776,0.0,0.75,-2.2,0,0
Jerome Robinson,2019-20,WAS,23.0,63,15.5,5.1,2.0,1.4,0.4,0.3,0.8,0.371,0.32,0.702,-0.5,0,0
Jevon Carter,2019-20,PHX,24.0,58,16.3,4.9,2.0,1.4,0.8,0.3,0.6,0.416,0.425,0.852,-0.2,0,0
Jevon Carter,2022-23,MIL,27.0,81,22.4,8.0,2.5,2.4,0.8,0.4,1.0,0.423,0.421,0.816,0.8,0,0
Jimmy Butler III,2019-20,MIA,30.0,58,33.8,19.9,6.7,6.0,1.8,0.6,2.2,0.455,0.244,0.834,4.4,0,0
Jimmy Butler III,2020-21,MIA,31.0,52,33.6,21.5,6.9,7.1,2.1,0.3,2.1,0.497,0.245,0.863,3.8,0,0
Jimmy Butler III,2021-22,MIA,32.0,57,33.9,21.4,5.9,5.5,1.6,0.5,2.1,0.48,0.233,0.87,4.3,0,0
Jimmy Butler III,2022-23,MIA,33.0,64,33.4,22.9,5.9,5.3,1.8,0.3,1.6,0.539,0.35,0.85,0.7,0,0
Jimmy Butler III,2023-24,MIA,34.0,60,34.0,20.8,5.3,5.0,1.3,0.3,1.7,0.499,0.414,0.858,3.6,0,0
Joe Harris,2019-20,BKN,28.0,69,30.8,14.5,4.3,2.1,0.6,0.2,1.5,0.486,0.424,0.719,1.2,0,0
Joe Harris,2020-21,BKN,29.0,69,31.0,14.1,3.6,1.9,0.7,0.2,0.9,0.505,0.475,0.778,5.1,0,0
Joe Harris,2022-23,BKN,31.0,74,20.6,7.6,2.2,1.4,0.5,0.2,0.6,0.457,0.426,0.643,-0.3,0,0
Joe Ingles,2019-20,UTA,32.0,72,29.7,9.8,3.9,5.2,0.9,0.2,2.0,0.445,0.399,0.787,3.3,0,0
Joe Ingles,2020-21,UTA,33.0,67,27.9,12.1,3.6,4.7,0.7,0.2,1.7,0.489,0.451,0.844,6.8,0,0
Joe Ingles,2021-22,POR,34.0,45,24.9,7.2,2.9,3.5,0.5,0.1,1.0,0.404,0.347,0.773,4.1,0,0
Joe Ingles,2022-23,MIL,35.0,46,22.7,6.9,2.8,3.3,0.7,0.1,1.2,0.435,0.409,0.857,1.7,0,0
Joe Ingles,2023-24,ORL,36.0,68,17.2,4.4,2.1,3.0,0.6,0.1,1.0,0.436,0.435,0.824,2.4,0,0
Joel Embiid,2019-20,PHI,26.0,51,29.5,23.0,11.6,3.0,0.9,1.3,3.1,0.477,0.331,0.807,3.2,1,0
Joel Embiid,2020-21,PHI,27.0,51,31.1,28.5,10.6,2.8,1.0,1.4,3.1,0.513,0.377,0.859,7.9,1,1
Joel Embiid,2021-22,PHI,28.0,68,33.8,30.6,11.7,4.2,1.1,1.5,3.1,0.499,0.371,0.814,5.4,1,2
Joel Embiid,2022-23,PHI,29.0,66,34.6,33.1,10.2,4.2,1.0,1.7,3.4,0.548,0.33,0.857,6.4,1,3
Joel Embiid,2023-24,PHI,30.0,39,33.6,34.7,11.0,5.6,1.2,1.7,3.8,0.529,0.388,0.883,6.8,1,4
John Collins,2019-20,ATL,22.0,41,33.2,21.6,10.1,1.5,0.8,1.6,1.8,0.583,0.401,0.8,-4.0,0,0
John Collins,2020-21,ATL,23.0,63,29.3,17.6,7.4,1.2,0.5,1.0,1.3,0.556,0.399,0.833,2.9,0,0
John Collins,2021-22,ATL,24.0,54,30.8,16.2,7.8,1.8,0.6,1.0,1.1,0.526,0.364,0.793,0.7,0,0
John Collins,2022-23,ATL,25.0,71,30.0,13.1,6.5,1.2,0.6,1.0,1.1,0.508,0.292,0.803,-0.3,0,0
John Collins,2023-24,UTA,26.0,68,28.0,15.1,8.5,1.1,0.6,0.9,1.4,0.532,0.371,0.795,-4.5,0,0
John Henson,2019-20,DET,29.0,40,15.0,5.5,4.1,1.4,0.6,1.1,0.9,0.556,0.222,0.5,-0.5,0,0
John Konchar,2021-22,MEM,26.0,72,17.9,4.8,4.6,1.5,0.6,0.3,0.4,0.515,0.413,0.551,1.3,0,0
John Konchar,2022-23,MEM,27.0,72,20.7,5.1,4.3,1.4,1.1,0.3,0.5,0.431,0.339,0.778,2.9,0,0
John Konchar,2023-24,MEM,28.0,55,21.3,4.3,4.7,2.0,0.9,0.9,0.8,0.423,0.317,0.84,-2.7,0,0
John Wall,2020-21,HOU,30.0,40,32.2,20.6,3.2,6.9,1.1,0.8,3.5,0.404,0.317,0.749,-4.2,0,0
John Wall,2022-23,LAC,32.0,34,22.2,11.4,2.7,5.2,0.8,0.4,2.4,0.407,0.303,0.681,-3.1,0,0
Jonas Valančiūnas,2019-20,MEM,28.0,70,26.4,14.9,11.3,1.9,0.4,1.1,1.8,0.585,0.352,0.74,0.1,0,0
Jonas Valančiūnas,2020-21,MEM,29.0,62,28.3,17.1,12.5,1.8,0.6,0.9,1.6,0.592,0.368,0.773,2.2,0,0
Jonas Valančiūnas,2021-22,NOP,30.0,74,30.3,17.8,11.4,2.6,0.6,0.8,2.4,0.544,0.361,0.82,0.9,0,0
Jonas Valančiūnas,2022-23,NOP,31.0,79,24.9,14.1,10.2,1.8,0.3,0.7,2.0,0.547,0.349,0.826,-0.1,0,0
Jonas Valančiūnas,2023-24,NOP,32.0,82,23.5,12.2,8.8,2.1,0.4,0.8,1.4,0.559,0.308,0.785,1.9,0,0
Jonathan Isaac,2019-20,ORL,22.0,34,28.8,11.9,6.8,1.4,1.6,2.3,1.4,0.47,0.34,0.779,0.5,0,0
Jonathan Isaac,2023-24,ORL,26.0,58,15.8,6.8,4.5,0.5,0.7,1.2,0.5,0.51,0.375,0.72,3.1,0,0
Jonathan Kuminga,2021-22,GSW,19.0,70,16.9,9.3,3.3,0.9,0.4,0.3,1.1,0.513,0.336,0.684,0.5,0,0
Jonathan Kuminga,2022-23,GSW,20.0,67,20.8,9.9,3.4,1.9,0.6,0.5,1.4,0.525,0.37,0.652,-0.8,0,0
Jonathan Kuminga,2023-24,GSW,21.0,74,26.3,16.1,4.8,2.2,0.7,0.5,1.6,0.529,0.321,0.746,1.7,0,0
Jordan Clarkson,2019-20,UTA,28.0,71,24.0,15.2,2.6,1.9,0.6,0.2,1.4,0.454,0.368,0.836,-0.1,0,0
Jordan Clarkson,2020-21,UTA,29.0,68,26.7,18.4,4.0,2.5,0.9,0.1,1.7,0.425,0.347,0.896,4.4,0,0
Jordan Clarkson,2021-22,UTA,30.0,79,27.1,16.0,3.5,2.5,0.8,0.2,1.6,0.419,0.318,0.828,4.8,0,0
Jordan Clarkson,2022-23,UTA,31.0,61,32.6,20.8,4.0,4.4,0.5,0.2,3.0,0.444,0.338,0.816,0.6,0,0
Jordan Clarkson,2023-24,UTA,32.0,55,30.6,17.1,3.4,5.0,0.6,0.1,2.7,0.413,0.294,0.881,-3.5,0,0
Jordan Goodwin,2022-23,WAS,24.0,62,17.8,6.6,3.3,2.7,0.9,0.4,0.9,0.448,0.322,0.768,-1.9,0,0
Jordan Goodwin,2023-24,MEM,25.0,57,18.5,6.5,4.4,2.7,0.8,0.3,1.0,0.369,0.298,0.746,-1.6,0,0
Jordan Hawkins,2023-24,NOP,22.0,67,17.3,7.8,2.2,1.0,0.3,0.1,0.6,0.382,0.366,0.838,0.2,0,0
Jordan McLaughlin,2019-20,MIN,24.0,30,19.7,7.6,1.6,4.2,1.1,0.1,1.0,0.489,0.382,0.667,-2.3,0,0
Jordan McLaughlin,2020-21,MIN,25.0,51,18.4,5.0,2.1,3.8,1.0,0.1,1.0,0.413,0.359,0.767,-2.6,0,0
Jordan McLaughlin,2022-23,MIN,27.0,43,15.8,3.7,1.4,3.4,0.7,0.1,0.8,0.421,0.308,0.833,2.0,0,0
Jordan McRae,2019-20,DET,29.0,37,21.2,11.5,3.4,2.5,0.6,0.4,1.2,0.407,0.357,0.761,-2.0,0,0
Jordan Nwora,2021-22,MIL,23.0,62,19.1,7.9,3.6,1.0,0.4,0.3,0.9,0.403,0.348,0.837,-1.2,0,0
Jordan Nwora,2022-23,IND,24.0,62,19.2,8.7,3.7,1.4,0.4,0.2,1.1,0.436,0.408,0.791,-4.1,0,0
Jordan Poole,2019-20,GSW,21.0,57,22.3,8.8,2.1,2.4,0.6,0.2,1.3,0.333,0.279,0.798,-3.5,0,0
Jordan Poole,2020-21,GSW,22.0,51,19.4,12.0,1.8,1.9,0.5,0.2,1.0,0.432,0.351,0.882,0.6,0,0
Jordan Poole,2021-22,GSW,23.0,76,30.0,18.5,3.4,4.0,0.8,0.3,2.5,0.448,0.364,0.925,4.3,0,0
Jordan Poole,2022-23,GSW,24.0,82,30.0,20.4,2.7,4.5,0.8,0.3,3.1,0.43,0.336,0.87,-0.1,0,0
Jordan Poole,2023-24,WAS,25.0,78,30.1,17.4,2.7,4.4,1.1,0.3,2.4,0.413,0.326,0.877,-7.1,0,0
Jose Alvarado,2021-22,NOP,24.0,54,15.4,6.1,1.9,2.8,1.3,0.1,0.7,0.446,0.291,0.679,2.6,0,0
Jose Alvarado,2022-23,NOP,25.0,61,21.5,9.0,2.3,3.0,1.1,0.2,1.3,0.411,0.336,0.813,1.7,0,0
Jose Alvarado,2023-24,NOP,26.0,56,18.4,7.1,2.3,2.1,1.1,0.3,0.7,0.412,0.377,0.673,4.3,0,0
Josh Christopher,2021-22,HOU,20.0,74,18.0,7.9,2.5,2.0,0.9,0.2,1.5,0.448,0.296,0.735,-3.7,0,0
Josh Giddey,2021-22,OKC,19.0,54,31.5,12.5,7.8,6.4,0.9,0.4,3.2,0.419,0.263,0.709,-5.5,0,0
Josh Giddey,2022-23,OKC,20.0,76,31.1,16.6,7.9,6.2,0.8,0.4,2.8,0.482,0.325,0.731,-1.4,0,0
Josh Giddey,2023-24,OKC,21.0,80,25.1,12.3,6.4,4.8,0.7,0.6,2.1,0.475,0.337,0.806,4.7,0,0
Josh Green,2021-22,DAL,21.0,67,15.5,4.8,2.4,1.2,0.7,0.2,0.7,0.508,0.359,0.689,1.0,0,0
Josh Green,2022-23,DAL,22.0,60,25.7,9.1,3.0,1.7,0.7,0.1,1.2,0.537,0.402,0.723,1.3,0,0
Josh Green,2023-24,DAL,23.0,57,26.4,8.2,3.2,2.3,0.8,0.2,1.1,0.479,0.385,0.684,-1.8,0,0
Josh Hart,2019-20,NOP,25.0,65,27.0,10.1,6.5,1.7,1.0,0.4,1.2,0.423,0.342,0.739,-1.8,0,0
Josh Hart,2020-21,NOP,26.0,47,28.7,9.2,8.0,2.3,0.8,0.3,1.0,0.439,0.326,0.775,0.0,0,0
Josh Hart,2021-22,POR,27.0,54,33.2,14.9,7.2,4.1,1.1,0.2,2.1,0.504,0.343,0.758,-3.7,0,0
Josh Hart,2022-23,NYK,28.0,76,32.3,9.8,7.8,3.8,1.2,0.3,1.5,0.529,0.372,0.75,4.1,0,0
Josh Hart,2023-24,NYK,29.0,81,33.4,9.4,8.3,4.1,0.9,0.3,1.5,0.434,0.31,0.791,4.3,0,0
Josh Jackson,2020-21,DET,24.0,62,25.2,13.4,4.1,2.3,0.9,0.8,2.3,0.419,0.3,0.729,-2.0,0,0
Josh Jackson,2021-22,SAC,25.0,51,16.3,6.4,2.8,1.1,0.5,0.4,0.9,0.4,0.254,0.714,-3.1,0,0
Josh Okogie,2019-20,MIN,21.0,62,25.0,8.6,4.3,1.6,1.1,0.4,1.4,0.427,0.266,0.796,-2.6,0,0
Josh Okogie,2020-21,MIN,22.0,59,20.3,5.4,2.6,1.1,0.9,0.5,0.7,0.402,0.269,0.769,-3.3,0,0
Josh Okogie,2022-23,PHX,24.0,72,18.8,7.3,3.5,1.5,0.8,0.5,0.9,0.391,0.335,0.724,1.5,0,0
Josh Okogie,2023-24,PHX,25.0,60,16.0,4.6,2.6,1.1,0.8,0.4,0.6,0.417,0.309,0.745,0.1,0,0
Josh Richardson,2019-20,PHI,26.0,55,30.8,13.7,3.2,2.9,0.9,0.7,1.9,0.43,0.341,0.809,2.2,0,0
Josh Richardson,2020-21,DAL,27.0,59,30.3,12.1,3.3,2.6,1.0,0.4,1.3,0.427,0.33,0.917,-0.8,0,0
Josh Richardson,2021-22,SAS,28.0,65,24.6,10.2,2.8,1.8,0.9,0.4,1.0,0.438,0.415,0.889,2.1,0,0
Josh Richardson,2022-23,NOP,29.0,65,23.5,10.1,2.7,2.7,1.1,0.3,1.3,0.431,0.365,0.852,-2.5,0,0
Josh Richardson,2023-24,MIA,30.0,43,25.6,9.9,2.8,2.4,0.6,0.3,0.8,0.444,0.347,0.944,-2.5,0,0
Joshua Primo,2021-22,SAS,19.0,50,19.3,5.8,2.3,1.6,0.4,0.5,1.1,0.374,0.307,0.746,-1.6,0,0
Jrue Holiday,2019-20,NOP,30.0,61,34.7,19.1,4.8,6.7,1.6,0.8,3.0,0.455,0.353,0.709,0.6,0,0
Jrue Holiday,2020-21,MIL,31.0,59,32.3,17.7,4.5,6.1,1.6,0.6,2.2,0.503,0.392,0.787,6.4,0,0
Jrue Holiday,2021-22,MIL,32.0,67,32.9,18.3,4.5,6.8,1.6,0.4,2.7,0.501,0.411,0.761,6.4,0,0
Jrue Holiday,2022-23,MIL,33.0,67,32.6,19.3,5.1,7.4,1.2,0.4,2.9,0.479,0.384,0.859,7.2,1,0
Jrue Holiday,2023-24,BOS,34.0,69,32.8,12.5,5.4,4.8,0.9,0.8,1.8,0.48,0.429,0.833,6.2,0,1
Juan Toscano-Anderson,2020-21,GSW,28.0,53,20.9,5.7,4.4,2.8,0.8,0.5,1.2,0.579,0.402,0.71,1.8,0,0
Juancho Hernangomez,2019-20,MIN,24.0,48,17.4,6.0,4.1,0.8,0.4,0.2,0.7,0.405,0.341,0.62,-1.1,0,0
Juancho Hernangomez,2020-21,MIN,25.0,52,17.3,7.2,3.9,0.7,0.4,0.1,0.5,0.435,0.327,0.619,-1.4,0,0
Julian Champagnie,2023-24,SAS,23.0,74,19.8,6.8,2.8,1.4,0.6,0.6,0.8,0.408,0.365,0.815,-1.9,0,0
Julius Randle,2019-20,NYK,25.0,64,32.5,19.5,9.7,3.1,0.8,0.3,3.0,0.46,0.277,0.733,-3.8,0,0
Julius Randle,2020-21,NYK,26.0,71,37.6,24.1,10.2,6.0,0.9,0.3,3.4,0.456,0.411,0.811,2.2,1,0
Julius Randle,2021-22,NYK,27.0,72,35.3,20.1,9.9,5.1,0.7,0.5,3.4,0.411,0.308,0.756,-2.3,0,1
Julius Randle,2022-23,NYK,28.0,77,35.5,25.1,10.0,4.1,0.6,0.3,2.8,0.459,0.343,0.757,2.2,1,1
Julius Randle,2023-24,NYK,29.0,46,35.4,24.0,9.2,5.0,0.5,0.3,3.5,0.472,0.311,0.781,4.7,1,2
Justin Holiday,2019-20,IND,31.0,73,25.0,8.3,3.3,1.3,1.2,0.6,0.6,0.428,0.405,0.791,0.5,0,0
Justin Holiday,2020-21,IND,32.0,72,30.3,10.5,3.6,1.7,1.0,0.6,0.8,0.413,0.382,0.788,-0.6,0,0
Justin Holiday,2021-22,SAC,33.0,74,27.8,10.1,2.6,1.7,0.8,0.4,0.9,0.394,0.367,0.806,-2.8,0,0
Justin Holiday,2022-23,DAL,34.0,46,15.4,4.5,1.2,0.9,0.4,0.4,0.5,0.377,0.322,0.625,-2.8,0,0
Justin Jackson,2019-20,DAL,25.0,65,16.1,5.5,2.4,0.8,0.2,0.2,0.2,0.396,0.294,0.84,0.1,0,0
Justin Jackson,2020-21,MIL,26.0,34,17.0,7.2,2.3,1.5,0.4,0.1,0.9,0.403,0.308,0.838,-1.2,0,0
Justise Winslow,2021-22,POR,26.0,48,16.1,5.7,4.2,1.8,0.7,0.5,1.0,0.428,0.227,0.591,0.6,0,0
Jusuf Nurkić,2020-21,POR,26.0,37,23.8,11.5,9.0,3.4,1.0,1.1,2.0,0.514,0.4,0.619,3.4,0,0
Jusuf Nurkić,2021-22,POR,27.0,56,28.2,15.0,11.1,2.8,1.1,0.6,2.6,0.535,0.268,0.69,0.2,0,0
Jusuf Nurkić,2022-23,POR,28.0,52,26.8,13.3,9.1,2.9,0.8,0.8,2.3,0.519,0.361,0.661,0.2,0,0
Jusuf Nurkić,2023-24,PHX,29.0,76,27.3,10.9,11.0,4.0,1.1,1.1,2.3,0.51,0.244,0.64,5.3,0,0
KJ Martin,2020-21,HOU,20.0,45,23.7,9.3,5.4,1.1,0.7,0.9,0.8,0.509,0.365,0.714,-6.3,0,0
KJ Martin,2021-22,HOU,21.0,79,21.0,8.8,3.8,1.3,0.4,0.5,0.8,0.533,0.357,0.634,-3.0,0,0
KJ Martin,2022-23,HOU,22.0,82,28.0,12.7,5.5,1.5,0.5,0.4,1.1,0.569,0.315,0.68,-4.5,0,0
Karl-Anthony Towns,2019-20,MIN,24.0,35,33.9,26.5,10.8,4.4,0.9,1.2,3.1,0.508,0.412,0.796,-0.4,0,0
Karl-Anthony Towns,2020-21,MIN,25.0,50,33.8,24.8,10.6,4.5,0.8,1.1,3.2,0.486,0.387,0.859,0.2,0,0
Karl-Anthony Towns,2021-22,MIN,26.0,74,33.5,24.6,9.8,3.6,1.0,1.1,3.1,0.529,0.41,0.822,3.7,1,0
Karl-Anthony Towns,2023-24,MIN,28.0,62,32.7,21.8,8.3,3.0,0.7,0.7,2.9,0.504,0.416,0.873,5.2,1,1
Kawhi Leonard,2019-20,LAC,29.0,57,32.4,27.1,7.1,4.9,1.8,0.6,2.6,0.47,0.378,0.886,8.4,1,0
Kawhi Leonard,2020-21,LAC,30.0,52,34.1,24.8,6.5,5.2,1.6,0.4,2.0,0.512,0.398,0.885,8.6,1,1
Kawhi Leonard,2022-23,LAC,32.0,52,33.6,23.8,6.5,3.9,1.4,0.5,1.7,0.512,0.416,0.871,4.2,0,2
Kawhi Leonard,2023-24,LAC,33.0,68,34.3,23.7,6.1,3.6,1.6,0.9,1.8,0.525,0.417,0.885,5.8,1,2
Keegan Murray,2022-23,SAC,22.0,80,29.8,12.2,4.6,1.2,0.8,0.5,0.8,0.453,0.411,0.765,1.2,0,0
Keegan Murray,2023-24,SAC,23.0,77,33.6,15.2,5.5,1.7,1.0,0.8,0.8,0.454,0.358,0.831,1.8,0,0
Keifer Sykes,2021-22,IND,28.0,32,17.7,5.6,1.4,1.9,0.4,0.1,1.0,0.363,0.3,0.882,-2.2,0,0
Keita Bates-Diop,2019-20,DEN,24.0,44,16.9,6.5,2.9,0.7,0.4,0.5,0.4,0.427,0.33,0.72,-3.9,0,0
Keita Bates-Diop,2021-22,SAS,26.0,59,16.2,5.7,3.9,0.7,0.5,0.2,0.8,0.517,0.309,0.754,0.1,0,0
Keita Bates-Diop,2022-23,SAS,27.0,67,21.7,9.7,3.7,1.5,0.7,0.3,0.8,0.508,0.394,0.793,-4.0,0,0
Kelan Martin,2019-20,MIN,24.0,31,16.0,6.4,3.1,0.7,0.2,0.3,0.6,0.392,0.26,0.968,-0.7,0,0
Kelan Martin,2021-22,BOS,26.0,30,15.0,5.7,1.8,0.7,0.4,0.3,0.5,0.409,0.293,0.692,-1.8,0,0
Keldon Johnson,2020-21,SAS,21.0,69,28.5,12.8,6.0,1.8,0.6,0.3,1.1,0.479,0.331,0.74,-2.5,0,0
Keldon Johnson,2021-22,SAS,22.0,75,31.9,17.0,6.1,2.1,0.8,0.2,1.2,0.466,0.398,0.756,1.0,0,0
Keldon Johnson,2022-23,SAS,23.0,63,32.8,22.0,5.0,2.9,0.7,0.2,2.1,0.452,0.329,0.749,-7.8,0,0
Keldon Johnson,2023-24,SAS,24.0,69,29.5,15.7,5.5,2.8,0.7,0.3,1.4,0.454,0.346,0.792,-5.0,0,0
Kelly Olynyk,2019-20,MIA,29.0,67,19.4,8.2,4.6,1.7,0.7,0.3,1.1,0.462,0.406,0.86,0.9,0,0
Kelly Olynyk,2020-21,HOU,30.0,70,28.5,13.5,7.0,2.9,1.1,0.6,1.8,0.484,0.342,0.829,-1.4,0,0
Kelly Olynyk,2021-22,DET,31.0,40,19.1,9.1,4.4,2.8,0.8,0.5,1.5,0.448,0.336,0.775,-1.8,0,0
Kelly Olynyk,2022-23,UTA,32.0,68,28.6,12.5,6.2,3.7,0.9,0.5,2.5,0.499,0.394,0.853,0.2,0,0
Kelly Olynyk,2023-24,TOR,33.0,78,22.5,9.8,5.3,4.4,0.9,0.4,1.9,0.555,0.387,0.833,-3.4,0,0
Kelly Oubre Jr.,2019-20,PHX,24.0,56,34.5,18.7,6.4,1.5,1.3,0.7,1.5,0.452,0.352,0.78,-0.5,0,0
Kelly Oubre Jr.,2020-21,GSW,25.0,55,30.7,15.4,6.0,1.3,1.0,0.8,1.3,0.439,0.316,0.695,-3.5,0,0
Kelly Oubre Jr.,2021-22,CHA,26.0,76,26.3,15.0,4.0,1.1,1.0,0.4,0.9,0.44,0.345,0.667,-0.3,0,0
Kelly Oubre Jr.,2022-23,CHA,27.0,48,32.2,20.3,5.2,1.1,1.4,0.4,1.3,0.431,0.319,0.76,-5.8,0,0
Kelly Oubre Jr.,2023-24,PHI,28.0,68,30.2,15.4,5.0,1.5,1.1,0.7,1.3,0.441,0.311,0.75,-0.4,0,0
Kemba Walker,2019-20,BOS,30.0,56,31.1,20.4,3.9,4.8,0.9,0.5,2.1,0.425,0.381,0.864,4.4,1,0
Kemba Walker,2020-21,OKC,31.0,43,31.8,19.3,4.0,4.9,1.1,0.3,2.0,0.42,0.36,0.899,2.2,0,1
Kemba Walker,2021-22,NYK,32.0,37,25.6,11.6,3.0,3.5,0.7,0.2,1.3,0.403,0.367,0.845,-4.9,0,1
Kendrick Nunn,2019-20,MIA,24.0,67,29.3,15.3,2.7,3.3,0.8,0.2,1.7,0.439,0.35,0.85,0.9,0,0
Kendrick Nunn,2020-21,MIA,25.0,56,29.5,14.6,3.2,2.6,0.9,0.3,1.4,0.485,0.381,0.933,-0.1,0,0
Kenrich Williams,2019-20,NOP,25.0,39,21.3,3.5,4.8,1.5,0.7,0.5,0.6,0.347,0.258,0.346,-0.7,0,0
Kenrich Williams,2020-21,OKC,26.0,66,21.6,8.0,4.1,2.3,0.8,0.3,1.2,0.533,0.444,0.571,-2.7,0,0
Kenrich Williams,2021-22,OKC,27.0,49,21.9,7.4,4.5,2.2,0.9,0.2,0.9,0.461,0.339,0.545,0.5,0,0
Kenrich Williams,2022-23,OKC,28.0,53,22.8,8.0,4.9,2.0,0.8,0.3,0.6,0.517,0.373,0.436,1.4,0,0
Kent Bazemore,2019-20,SAC,30.0,68,24.8,8.8,4.3,1.4,1.1,0.6,1.3,0.375,0.344,0.769,0.1,0,0
Kent Bazemore,2020-21,GSW,31.0,67,19.9,7.2,3.4,1.6,1.0,0.5,1.2,0.449,0.408,0.692,2.5,0,0
Kentavious Caldwell-Pope,2019-20,LAL,27.0,69,25.5,9.3,2.1,1.6,0.8,0.2,0.9,0.467,0.385,0.775,2.2,0,0
Kentavious Caldwell-Pope,2020-21,LAL,28.0,67,28.4,9.7,2.7,1.9,0.9,0.4,1.0,0.431,0.41,0.866,2.1,0,0
Kentavious Caldwell-Pope,2021-22,WAS,29.0,77,30.2,13.2,3.4,1.9,1.1,0.3,1.3,0.435,0.39,0.89,-3.0,0,0
Kentavious Caldwell-Pope,2022-23,DEN,30.0,76,31.3,10.8,2.7,2.4,1.5,0.5,1.1,0.462,0.423,0.824,6.5,0,0
Kentavious Caldwell-Pope,2023-24,DEN,31.0,76,31.6,10.1,2.4,2.4,1.3,0.6,1.0,0.46,0.406,0.894,7.5,0,0
Keon Ellis,2023-24,SAC,24.0,57,17.2,5.4,2.2,1.5,0.9,0.5,0.6,0.461,0.417,0.743,1.6,0,0
Keon Johnson,2021-22,POR,20.0,37,18.8,7.2,2.2,2.1,0.8,0.3,1.2,0.353,0.34,0.804,-7.8,0,0
Kessler Edwards,2021-22,BKN,21.0,48,20.6,5.9,3.6,0.6,0.6,0.5,0.9,0.412,0.353,0.842,-1.3,0,0
Kevin Durant,2020-21,BKN,32.0,35,33.1,26.9,7.1,5.6,0.7,1.3,3.4,0.537,0.45,0.882,8.0,1,0
Kevin Durant,2021-22,BKN,33.0,55,37.2,29.9,7.4,6.4,0.9,0.9,3.5,0.518,0.383,0.91,4.9,1,1
Kevin Durant,2022-23,PHX,34.0,47,35.6,29.1,6.7,5.0,0.7,1.4,3.3,0.56,0.404,0.919,5.5,1,2
Kevin Durant,2023-24,PHX,35.0,75,37.2,27.1,6.6,5.0,0.9,1.2,3.3,0.523,0.413,0.856,3.9,1,3
Kevin Huerter,2019-20,ATL,21.0,56,31.4,12.2,4.1,3.8,0.9,0.5,1.6,0.413,0.38,0.828,-4.3,0,0
Kevin Huerter,2020-21,ATL,22.0,69,30.8,11.9,3.3,3.5,1.2,0.3,1.1,0.432,0.363,0.781,1.0,0,0
Kevin Huerter,2021-22,ATL,23.0,74,29.6,12.1,3.4,2.7,0.7,0.4,1.2,0.454,0.389,0.808,2.3,0,0
Kevin Huerter,2022-23,SAC,24.0,75,29.4,15.2,3.3,2.9,1.1,0.3,1.3,0.485,0.402,0.725,3.0,0,0
Kevin Huerter,2023-24,SAC,25.0,64,24.4,10.2,3.5,2.6,0.7,0.4,0.8,0.443,0.361,0.766,1.2,0,0
Kevin Knox II,2019-20,NYK,20.0,65,17.9,6.4,2.8,0.9,0.4,0.4,0.7,0.359,0.327,0.653,-2.8,0,0
Kevin Knox II,2022-23,POR,23.0,63,15.1,6.6,2.8,0.5,0.4,0.2,0.8,0.458,0.349,0.767,-3.6,0,0
Kevin Knox II,2023-24,POR,24.0,31,18.1,7.2,2.4,0.7,0.4,0.2,0.7,0.462,0.33,0.909,-2.7,0,0
Kevin Love,2019-20,CLE,31.0,56,31.8,17.6,9.8,3.2,0.6,0.3,2.5,0.45,0.374,0.854,-4.8,0,0
Kevin Love,2021-22,CLE,33.0,74,22.5,13.6,7.2,2.2,0.4,0.2,1.3,0.43,0.392,0.838,1.3,0,0
Kevin Love,2022-23,MIA,34.0,62,20.0,8.2,6.4,1.9,0.3,0.2,1.1,0.389,0.334,0.879,1.8,0,0
Kevin Love,2023-24,MIA,35.0,55,16.8,8.8,6.1,2.1,0.3,0.2,0.9,0.44,0.344,0.787,2.0,0,0
Kevin Porter Jr.,2019-20,CLE,20.0,50,23.2,10.0,3.2,2.2,0.9,0.3,1.9,0.442,0.335,0.723,-5.8,0,0
Kevin Porter Jr.,2021-22,HOU,22.0,61,31.3,15.6,4.4,6.2,1.1,0.4,3.1,0.415,0.375,0.642,-4.6,0,0
Kevin Porter Jr.,2022-23,HOU,23.0,59,34.3,19.2,5.3,5.7,1.4,0.3,3.2,0.442,0.366,0.784,-5.8,0,0
Kevon Looney,2020-21,GSW,25.0,61,19.0,4.1,5.3,2.0,0.3,0.4,0.6,0.548,0.235,0.646,2.1,0,0
Kevon Looney,2021-22,GSW,26.0,82,21.1,6.0,7.3,2.0,0.6,0.6,0.8,0.571,0.0,0.6,2.0,0,0
Kevon Looney,2022-23,GSW,27.0,82,23.9,7.0,9.3,2.5,0.6,0.6,0.5,0.63,0.0,0.606,1.9,0,0
Kevon Looney,2023-24,GSW,28.0,74,16.1,4.5,5.7,1.8,0.4,0.4,0.7,0.597,0.0,0.675,0.5,0,0
Keyonte George,2023-24,UTA,20.0,75,27.0,13.0,2.8,4.4,0.5,0.1,2.5,0.391,0.334,0.848,-5.0,0,0
Khem Birch,2019-20,ORL,27.0,48,19.2,4.4,4.6,1.0,0.4,0.5,0.6,0.51,0.0,0.653,-2.7,0,0
Khem Birch,2020-21,TOR,28.0,67,22.8,7.2,5.8,1.3,0.7,0.7,0.7,0.497,0.25,0.705,-1.9,0,0
Khem Birch,2021-22,TOR,29.0,55,18.0,4.5,4.3,1.0,0.5,0.5,0.5,0.485,0.0,0.746,0.4,0,0
Khris Middleton,2019-20,MIL,28.0,62,29.9,20.9,6.2,4.3,0.9,0.1,2.2,0.497,0.415,0.916,8.1,1,0
Khris Middleton,2020-21,MIL,29.0,68,33.4,20.4,6.0,5.4,1.1,0.1,2.6,0.476,0.414,0.898,4.3,0,1
Khris Middleton,2021-22,MIL,30.0,66,32.4,20.1,5.4,5.4,1.2,0.3,2.9,0.443,0.373,0.89,4.6,1,1
Khris Middleton,2022-23,MIL,31.0,33,24.3,15.1,4.2,4.9,0.7,0.2,2.2,0.436,0.315,0.902,4.0,0,2
Khris Middleton,2023-24,MIL,32.0,55,27.0,15.1,4.7,5.3,0.9,0.3,2.3,0.493,0.381,0.833,2.3,0,2
Killian Hayes,2021-22,DET,20.0,66,25.0,6.9,3.2,4.2,1.2,0.5,1.7,0.383,0.263,0.77,-5.6,0,0
Killian Hayes,2022-23,DET,21.0,76,28.3,10.3,2.9,6.2,1.4,0.4,2.3,0.377,0.28,0.821,-6.6,0,0
Killian Hayes,2023-24,DET,22.0,42,24.0,6.9,2.8,4.9,0.9,0.5,1.2,0.413,0.297,0.66,-5.8,0,0
Kira Lewis Jr.,2020-21,NOP,20.0,54,16.7,6.4,1.3,2.3,0.7,0.2,0.6,0.386,0.333,0.843,0.4,0,0
Klay Thompson,2021-22,GSW,32.0,32,29.4,20.4,3.9,2.8,0.5,0.5,1.3,0.429,0.385,0.902,2.1,0,0
Klay Thompson,2022-23,GSW,33.0,69,33.0,21.9,4.1,2.4,0.7,0.4,1.8,0.436,0.412,0.879,2.4,0,0
Klay Thompson,2023-24,GSW,34.0,77,29.7,17.9,3.3,2.3,0.6,0.5,1.5,0.432,0.387,0.927,0.1,0,0
Kris Dunn,2019-20,CHI,26.0,51,24.9,7.3,3.6,3.4,2.0,0.3,1.3,0.444,0.259,0.741,-0.6,0,0
Kris Dunn,2023-24,UTA,30.0,66,18.9,5.4,2.9,3.8,1.0,0.4,1.2,0.47,0.369,0.688,0.2,0,0
Kris Murray,2023-24,POR,23.0,62,21.7,6.1,3.6,1.3,0.9,0.3,0.9,0.396,0.268,0.661,-2.6,0,0
Kristaps Porziņģis,2019-20,DAL,24.0,57,31.8,20.4,9.5,1.8,0.7,2.0,1.6,0.427,0.352,0.799,4.7,0,0
Kristaps Porziņģis,2020-21,DAL,25.0,43,30.9,20.1,8.9,1.6,0.5,1.3,1.2,0.476,0.376,0.855,0.2,0,0
Kristaps Porziņģis,2021-22,WAS,26.0,51,29.0,20.2,8.1,2.3,0.7,1.6,1.6,0.459,0.31,0.867,0.6,0,0
Kristaps Porziņģis,2022-23,WAS,27.0,65,32.6,23.2,8.4,2.7,0.9,1.5,2.1,0.498,0.385,0.851,1.2,0,0
Kristaps Porziņģis,2023-24,BOS,28.0,57,29.6,20.1,7.2,2.0,0.7,1.9,1.6,0.516,0.375,0.858,7.3,0,0
Ky Bowman,2019-20,GSW,23.0,45,22.6,7.4,2.7,2.9,1.0,0.2,1.6,0.417,0.308,0.829,-3.9,0,0
Kyle Anderson,2019-20,MEM,26.0,67,19.8,5.8,4.3,2.4,0.8,0.6,1.0,0.474,0.282,0.667,-1.4,0,0
Kyle Anderson,2020-21,MEM,27.0,69,27.4,12.4,5.7,3.6,1.2,0.8,1.2,0.468,0.36,0.783,0.7,0,0
Kyle Anderson,2021-22,MEM,28.0,69,21.5,7.6,5.3,2.7,1.1,0.7,1.0,0.446,0.33,0.638,0.9,0,0
Kyle Anderson,2022-23,MIN,29.0,69,28.4,9.4,5.3,4.9,1.1,0.9,1.5,0.509,0.41,0.735,1.3,0,0
Kyle Anderson,2023-24,MIN,30.0,79,22.6,6.4,3.5,4.2,0.9,0.6,1.2,0.46,0.229,0.708,2.1,0,0
Kyle Korver,2019-20,MIL,39.0,58,16.6,6.7,2.1,1.2,0.4,0.2,0.8,0.43,0.418,0.854,2.2,0,0
Kyle Kuzma,2019-20,LAL,24.0,61,25.0,12.8,4.5,1.3,0.5,0.4,1.5,0.436,0.316,0.735,3.0,0,0
Kyle Kuzma,2020-21,LAL,25.0,68,28.7,12.9,6.1,1.9,0.5,0.6,1.7,0.443,0.361,0.691,0.0,0,0
Kyle Kuzma,2021-22,WAS,26.0,66,33.4,17.1,8.5,3.5,0.6,0.9,2.6,0.452,0.341,0.712,-4.3,0,0
Kyle Kuzma,2022-23,WAS,27.0,64,35.0,21.2,7.2,3.7,0.6,0.5,3.0,0.448,0.333,0.73,0.2,0,0
Kyle Kuzma,2023-24,WAS,28.0,70,32.6,22.2,6.6,4.2,0.5,0.7,2.7,0.463,0.336,0.775,-8.0,0,0
Kyle Lowry,2019-20,TOR,34.0,58,36.2,19.4,5.0,7.5,1.4,0.4,3.1,0.416,0.352,0.857,4.7,1,0
Kyle Lowry,2020-21,TOR,35.0,46,34.8,17.2,5.4,7.3,1.0,0.3,2.7,0.436,0.396,0.875,-0.1,0,1
Kyle Lowry,2021-22,MIA,36.0,63,33.9,13.4,4.5,7.5,1.1,0.3,2.7,0.44,0.377,0.851,4.0,0,1
Kyle Lowry,2022-23,MIA,37.0,55,31.2,11.2,4.1,5.1,1.0,0.4,1.9,0.404,0.345,0.859,1.0,0,1
Kyle Lowry,2023-24,PHI,38.0,60,28.2,8.1,3.2,4.2,1.0,0.4,1.4,0.432,0.392,0.84,0.0,0,1
Kyrie Irving,2020-21,BKN,29.0,54,34.9,26.9,4.8,6.0,1.4,0.7,2.4,0.506,0.402,0.922,4.2,1,0
Kyrie Irving,2022-23,DAL,31.0,60,37.3,27.1,5.1,5.5,1.1,0.8,2.1,0.494,0.379,0.905,3.7,1,1
Kyrie Irving,2023-24,DAL,32.0,58,35.0,25.6,5.0,5.2,1.3,0.5,1.8,0.497,0.411,0.905,4.8,0,2
LaMarcus Aldridge,2019-20,SAS,34.0,53,33.1,18.9,7.4,2.4,0.7,1.6,1.4,0.493,0.389,0.827,-2.4,0,0
LaMarcus Aldridge,2021-22,BKN,36.0,47,22.3,12.9,5.5,0.9,0.3,1.0,0.9,0.55,0.304,0.873,0.4,0,0
LaMelo Ball,2020-21,CHA,19.0,51,28.8,15.7,5.9,6.1,1.6,0.4,2.8,0.436,0.352,0.758,-1.6,0,0
LaMelo Ball,2021-22,CHA,20.0,75,32.3,20.1,6.7,7.6,1.6,0.4,3.3,0.429,0.389,0.872,1.3,1,0
LaMelo Ball,2022-23,CHA,21.0,36,35.2,23.3,6.4,8.4,1.3,0.3,3.6,0.411,0.376,0.843,-4.2,0,1
Lamar Stevens,2021-22,CLE,24.0,63,16.1,6.1,2.6,0.7,0.5,0.3,0.7,0.489,0.277,0.707,-0.6,0,0
Lamar Stevens,2022-23,CLE,25.0,62,18.1,5.3,3.3,0.5,0.4,0.3,0.4,0.448,0.316,0.702,0.1,0,0
Lance Stephenson,2021-22,IND,31.0,46,17.7,8.3,2.8,3.6,0.5,0.1,1.6,0.455,0.3,0.788,-2.5,0,0
Landry Shamet,2019-20,LAC,23.0,53,27.4,9.3,1.9,1.9,0.4,0.2,0.8,0.404,0.375,0.855,2.3,0,0
Landry Shamet,2020-21,BKN,24.0,61,23.0,9.3,1.8,1.6,0.5,0.2,0.8,0.408,0.387,0.846,0.9,0,0
Landry Shamet,2021-22,PHX,25.0,69,20.8,8.3,1.8,1.6,0.4,0.1,0.6,0.394,0.368,0.84,2.0,0,0
Landry Shamet,2022-23,PHX,26.0,40,20.2,8.7,1.7,2.3,0.7,0.1,0.9,0.377,0.377,0.882,1.0,0,0
Landry Shamet,2023-24,WAS,27.0,46,15.8,7.1,1.3,1.2,0.5,0.2,0.7,0.431,0.338,0.826,-3.2,0,0
Langston Galloway,2019-20,DET,28.0,66,25.8,10.3,2.3,1.5,0.7,0.2,0.6,0.435,0.399,0.859,-2.2,0,0
Larry Nance Jr.,2019-20,CLE,27.0,56,26.3,10.1,7.3,2.2,1.0,0.4,1.1,0.531,0.352,0.676,-2.8,0,0
Larry Nance Jr.,2020-21,CLE,28.0,35,31.2,9.3,6.7,3.1,1.7,0.5,1.6,0.471,0.36,0.612,-3.9,0,0
Larry Nance Jr.,2021-22,NOP,29.0,46,22.6,7.0,5.4,1.8,0.9,0.4,0.8,0.522,0.329,0.702,-1.3,0,0
Larry Nance Jr.,2022-23,NOP,30.0,65,21.2,6.8,5.4,1.8,0.9,0.6,0.6,0.61,0.333,0.696,2.8,0,0
Larry Nance Jr.,2023-24,NOP,31.0,61,19.9,5.7,5.0,1.9,1.0,0.3,0.8,0.573,0.415,0.77,1.2,0,0
Lauri Markkanen,2019-20,CHI,23.0,50,29.8,14.7,6.3,1.5,0.8,0.5,1.6,0.425,0.344,0.824,-1.4,0,0
Lauri Markkanen,2020-21,CHI,24.0,51,25.8,13.6,5.3,0.9,0.5,0.3,1.0,0.48,0.402,0.826,-0.9,0,0
Lauri Markkanen,2021-22,CLE,25.0,61,30.8,14.8,5.7,1.3,0.7,0.5,0.9,0.445,0.358,0.868,2.8,0,0
Lauri Markkanen,2022-23,UTA,26.0,66,34.4,25.6,8.6,1.9,0.6,0.6,1.9,0.499,0.391,0.875,2.5,1,0
Lauri Markkanen,2023-24,UTA,27.0,55,33.1,23.2,8.2,2.0,0.9,0.5,1.4,0.48,0.399,0.899,0.4,0,1
LeBron James,2019-20,LAL,35.0,67,34.6,25.3,7.8,10.2,1.2,0.5,3.9,0.493,0.348,0.693,6.6,1,0
LeBron James,2020-21,LAL,36.0,45,33.4,25.0,7.7,7.8,1.1,0.6,3.7,0.513,0.365,0.698,6.4,1,1
LeBron James,2021-22,LAL,37.0,56,37.2,30.3,8.2,6.2,1.3,1.1,3.5,0.524,0.359,0.756,-2.1,1,2
LeBron James,2022-23,LAL,38.0,55,35.5,28.9,8.3,6.8,0.9,0.6,3.2,0.5,0.321,0.768,3.9,1,3
LeBron James,2023-24,LAL,39.0,71,35.3,25.7,7.3,8.3,1.3,0.5,3.5,0.54,0.41,0.75,3.1,1,4
Lonnie Walker IV,2019-20,SAS,21.0,61,16.2,6.4,2.3,1.1,0.5,0.2,0.7,0.426,0.406,0.721,-0.1,0,0
Lonnie Walker IV,2020-21,SAS,22.0,60,25.4,11.2,2.6,1.7,0.5,0.3,1.1,0.42,0.355,0.814,-3.5,0,0
Lonnie Walker IV,2021-22,SAS,23.0,70,23.0,12.1,2.6,2.2,0.6,0.3,1.0,0.407,0.314,0.784,-1.1,0,0
Lonnie Walker IV,2022-23,LAL,24.0,56,23.2,11.7,1.9,1.1,0.5,0.3,0.8,0.448,0.365,0.858,-3.7,0,0
Lonnie Walker IV,2023-24,BKN,25.0,58,17.4,9.7,2.2,1.3,0.6,0.3,0.9,0.423,0.384,0.763,0.1,0,0
Lonzo Ball,2019-20,NOP,22.0,63,32.1,11.8,6.1,7.0,1.4,0.6,3.1,0.403,0.375,0.566,-0.4,0,0
Lonzo Ball,2020-21,NOP,23.0,55,31.8,14.6,4.8,5.7,1.5,0.6,2.2,0.414,0.378,0.781,0.9,0,0
Lonzo Ball,2021-22,CHI,24.0,35,34.6,13.0,5.4,5.1,1.8,0.9,2.3,0.423,0.423,0.75,2.3,0,0
Lou Williams,2019-20,LAC,33.0,65,28.7,18.2,3.1,5.6,0.7,0.2,2.8,0.418,0.352,0.861,3.1,0,0
Lou Williams,2020-21,ATL,34.0,66,21.6,11.3,2.1,3.4,0.7,0.1,1.6,0.41,0.399,0.867,1.2,0,0
Luguentz Dort,2019-20,OKC,21.0,36,22.8,6.8,2.3,0.8,0.9,0.1,0.6,0.394,0.297,0.792,1.5,0,0
Luguentz Dort,2020-21,OKC,22.0,52,29.7,14.0,3.6,1.7,0.9,0.4,1.5,0.387,0.343,0.744,-4.8,0,0
Luguentz Dort,2021-22,OKC,23.0,51,32.7,17.2,4.2,1.7,0.9,0.4,1.7,0.404,0.332,0.843,-5.8,0,0
Luguentz Dort,2022-23,OKC,24.0,74,30.7,13.7,4.6,2.1,1.0,0.3,1.2,0.388,0.33,0.772,0.5,0,0
Luguentz Dort,2023-24,OKC,25.0,79,28.4,10.9,3.6,1.4,0.9,0.6,0.9,0.438,0.394,0.826,4.4,0,0
Luka Dončić,2019-20,DAL,21.0,61,33.6,28.8,9.4,8.8,1.0,0.2,4.3,0.463,0.316,0.758,4.1,1,0
Luka Dončić,2020-21,DAL,22.0,66,34.3,27.7,8.0,8.6,1.0,0.5,4.3,0.479,0.35,0.73,2.5,1,1
Luka Dončić,2021-22,DAL,23.0,65,35.4,28.4,9.1,8.7,1.2,0.6,4.5,0.457,0.353,0.744,2.2,1,2
Luka Dončić,2022-23,DAL,24.0,66,36.2,32.4,8.6,8.0,1.4,0.5,3.6,0.496,0.342,0.742,1.9,1,3
Luka Dončić,2023-24,DAL,25.0,70,37.5,33.9,9.2,9.8,1.4,0.5,4.0,0.487,0.382,0.786,4.6,1,4
Luke Kennard,2020-21,LAC,25.0,63,19.6,8.3,2.6,1.7,0.4,0.1,0.8,0.476,0.446,0.839,-0.4,0,0
Luke Kennard,2021-22,LAC,26.0,70,27.4,11.9,3.3,2.1,0.6,0.1,0.9,0.449,0.449,0.896,2.6,0,0
Luke Kennard,2022-23,MEM,27.0,59,22.3,9.3,2.7,1.5,0.5,0.1,0.8,0.492,0.494,0.949,3.6,0,0
Luke Kennard,2023-24,MEM,28.0,39,25.6,11.0,2.9,3.5,0.5,0.1,1.4,0.448,0.45,0.889,-4.8,0,0
Luke Kornet,2019-20,CHI,24.0,36,15.5,6.0,2.3,0.9,0.3,0.7,0.4,0.439,0.287,0.714,-1.2,0,0
Luke Kornet,2023-24,BOS,28.0,63,15.6,5.3,4.1,1.1,0.4,1.0,0.3,0.7,1.0,0.907,3.5,0,0
Malachi Flynn,2020-21,TOR,23.0,47,19.7,7.5,2.5,2.9,0.8,0.1,0.9,0.374,0.321,0.804,-2.1,0,0
Malaki Branham,2022-23,SAS,20.0,66,23.5,10.2,2.7,1.9,0.5,0.1,1.2,0.44,0.302,0.829,-5.5,0,0
Malaki Branham,2023-24,SAS,21.0,75,21.3,9.2,2.0,2.1,0.4,0.1,1.2,0.432,0.347,0.873,-5.0,0,0
Malcolm Brogdon,2019-20,IND,27.0,54,30.9,16.5,4.9,7.1,0.6,0.2,2.4,0.438,0.326,0.892,1.6,0,0
Malcolm Brogdon,2020-21,IND,28.0,56,34.5,21.2,5.3,5.9,0.9,0.3,2.1,0.453,0.388,0.864,-0.6,0,0
Malcolm Brogdon,2021-22,IND,29.0,36,33.5,19.1,5.1,5.9,0.8,0.4,2.1,0.448,0.312,0.856,0.0,0,0
Malcolm Brogdon,2022-23,BOS,30.0,67,26.0,14.9,4.2,3.7,0.7,0.3,1.5,0.484,0.444,0.87,2.7,0,0
Malcolm Brogdon,2023-24,POR,31.0,39,28.7,15.7,3.8,5.5,0.7,0.2,1.5,0.44,0.412,0.819,-2.1,0,0
Malik Beasley,2019-20,MIN,23.0,55,22.0,11.2,2.7,1.4,0.7,0.1,1.0,0.425,0.388,0.818,-0.9,0,0
Malik Beasley,2020-21,MIN,24.0,37,32.8,19.6,4.4,2.4,0.8,0.2,1.6,0.44,0.399,0.85,-5.3,0,0
Malik Beasley,2021-22,MIN,25.0,79,25.0,12.1,2.9,1.5,0.5,0.2,0.5,0.391,0.377,0.817,1.0,0,0
Malik Beasley,2022-23,LAL,26.0,81,25.8,12.7,3.5,1.5,0.8,0.1,1.1,0.395,0.357,0.769,-1.1,0,0
Malik Beasley,2023-24,MIL,27.0,79,29.6,11.3,3.7,1.4,0.7,0.1,0.7,0.443,0.413,0.714,3.7,0,0
Malik Monk,2019-20,CHA,22.0,55,21.3,10.3,2.9,2.1,0.5,0.3,1.4,0.434,0.284,0.82,-4.2,0,0
Malik Monk,2020-21,CHA,23.0,42,20.9,11.7,2.4,2.1,0.5,0.1,1.3,0.434,0.401,0.819,0.8,0,0
Malik Monk,2021-22,LAL,24.0,76,28.1,13.8,3.4,2.9,0.8,0.4,1.6,0.473,0.391,0.795,0.7,0,0
Malik Monk,2022-23,SAC,25.0,77,22.3,13.5,2.6,3.9,0.6,0.3,1.9,0.448,0.359,0.889,0.9,0,0
Malik Monk,2023-24,SAC,26.0,72,26.0,15.4,2.9,5.1,0.6,0.5,2.1,0.443,0.35,0.829,0.1,0,0
Marc Gasol,2019-20,TOR,35.0,44,26.4,7.5,6.3,3.3,0.8,0.9,1.3,0.427,0.385,0.735,6.1,0,0
Marc Gasol,2020-21,LAL,36.0,52,19.1,5.0,4.1,2.1,0.5,1.1,1.0,0.454,0.41,0.72,1.7,0,0
Marco Belinelli,2019-20,SAS,34.0,57,15.5,6.3,1.7,1.2,0.2,0.0,0.3,0.392,0.376,0.828,0.3,0,0
Marcus Morris Sr.,2019-20,LAC,30.0,62,31.2,16.7,5.0,1.4,0.8,0.5,1.6,0.438,0.408,0.823,0.7,0,0
Marcus Morris Sr.,2020-21,LAC,31.0,57,26.3,13.4,4.1,1.0,0.6,0.3,1.0,0.473,0.473,0.82,2.3,0,0
Marcus Morris Sr.,2021-22,LAC,32.0,54,29.0,15.4,4.4,2.1,0.5,0.3,1.3,0.434,0.367,0.872,-2.6,0,0
Marcus Morris Sr.,2022-23,LAC,33.0,65,28.1,11.2,4.0,1.8,0.6,0.3,0.9,0.426,0.365,0.782,-0.2,0,0
Marcus Morris Sr.,2023-24,CLE,34.0,49,16.7,6.4,2.7,0.7,0.3,0.3,0.6,0.439,0.403,0.818,-1.2,0,0
Marcus Sasser,2023-24,DET,23.0,71,19.0,8.3,1.8,3.3,0.6,0.2,1.3,0.428,0.375,0.879,-3.5,0,0
Marcus Smart,2019-20,BOS,26.0,60,32.0,12.9,3.8,4.9,1.7,0.5,1.7,0.375,0.347,0.836,4.7,0,0
Marcus Smart,2020-21,BOS,27.0,48,32.9,13.1,3.5,5.7,1.5,0.5,2.0,0.398,0.33,0.79,1.9,0,0
Marcus Smart,2021-22,BOS,28.0,71,32.3,12.1,3.8,5.9,1.7,0.3,2.2,0.418,0.331,0.793,6.2,0,0
Marcus Smart,2022-23,BOS,29.0,61,32.1,11.5,3.1,6.3,1.5,0.4,2.3,0.415,0.336,0.746,3.9,0,0
Mario Hezonja,2019-20,POR,25.0,53,16.4,4.8,3.5,0.9,0.7,0.2,0.8,0.422,0.308,0.814,-3.3,0,0
Mark Williams,2022-23,CHA,21.0,43,19.3,9.0,7.1,0.4,0.7,1.0,0.9,0.637,0.0,0.691,-1.8,0,0
Markelle Fultz,2019-20,ORL,22.0,72,27.7,12.1,3.3,5.1,1.3,0.2,2.0,0.465,0.267,0.73,-0.8,0,0
Markelle Fultz,2022-23,ORL,25.0,60,29.6,14.0,3.9,5.7,1.5,0.4,2.3,0.514,0.31,0.783,-2.2,0,0
Markelle Fultz,2023-24,ORL,26.0,43,21.2,7.8,3.2,2.8,1.0,0.3,1.2,0.472,0.222,0.697,0.3,0,0
Markieff Morris,2019-20,LAL,30.0,58,20.5,9.7,3.8,1.3,0.5,0.3,1.3,0.443,0.386,0.776,-2.2,0,0
Markieff Morris,2020-21,LAL,31.0,61,19.7,6.7,4.4,1.2,0.4,0.3,0.9,0.405,0.311,0.72,0.3,0,0
Marquese Chriss,2019-20,GSW,22.0,59,20.3,9.3,6.2,1.9,0.7,1.1,1.3,0.545,0.205,0.769,-3.8,0,0
Marvin Bagley III,2020-21,SAC,22.0,43,25.9,14.1,7.4,1.0,0.5,0.5,1.4,0.504,0.343,0.575,-2.0,0,0
Marvin Bagley III,2021-22,DET,23.0,48,23.9,11.3,7.0,0.8,0.5,0.4,0.8,0.504,0.237,0.663,-2.8,0,0
Marvin Bagley III,2022-23,DET,24.0,42,23.6,12.0,6.4,0.9,0.5,0.7,1.1,0.529,0.288,0.75,-5.5,0,0
Marvin Bagley III,2023-24,WAS,25.0,50,21.1,11.7,6.2,1.1,0.4,0.7,1.2,0.586,0.391,0.762,-2.7,0,0
Marvin Williams,2019-20,MIL,34.0,58,19.5,5.9,3.2,1.0,0.6,0.5,0.6,0.446,0.359,0.86,-1.4,0,0
Mason Plumlee,2019-20,DEN,30.0,61,17.3,7.2,5.2,2.5,0.5,0.6,1.3,0.615,0.0,0.535,-0.9,0,0
Mason Plumlee,2020-21,DET,31.0,56,26.8,10.4,9.3,3.6,0.8,0.9,1.9,0.614,0.0,0.669,-2.7,0,0
Mason Plumlee,2021-22,CHA,32.0,73,24.6,6.5,7.7,3.1,0.8,0.7,1.4,0.641,0.0,0.392,0.1,0,0
Mason Plumlee,2022-23,LAC,33.0,79,26.0,10.8,8.9,3.1,0.6,0.6,1.5,0.68,0.0,0.636,-3.4,0,0
Matisse Thybulle,2019-20,PHI,23.0,65,19.8,4.7,1.6,1.2,1.4,0.7,0.8,0.423,0.357,0.61,0.6,0,0
Matisse Thybulle,2020-21,PHI,24.0,65,20.0,3.9,1.9,1.0,1.6,1.1,0.5,0.42,0.301,0.444,1.5,0,0
Matisse Thybulle,2021-22,PHI,25.0,66,25.5,5.7,2.3,1.1,1.7,1.1,0.6,0.5,0.313,0.791,1.3,0,0
Matisse Thybulle,2022-23,POR,26.0,71,16.9,4.1,2.0,0.7,1.2,0.5,0.3,0.435,0.365,0.679,-0.2,0,0
Matisse Thybulle,2023-24,POR,27.0,65,22.9,5.4,2.1,1.4,1.7,0.8,0.6,0.397,0.346,0.759,-3.6,0,0
Maurice Harkless,2019-20,NYK,27.0,62,23.0,5.8,3.9,1.1,0.9,0.5,0.9,0.502,0.347,0.591,0.3,0,0
Maurice Harkless,2020-21,SAC,28.0,37,20.9,5.2,2.4,1.2,0.8,0.5,0.6,0.418,0.274,0.767,-1.2,0,0
Maurice Harkless,2021-22,SAC,29.0,47,18.4,4.6,2.4,0.5,0.6,0.5,0.7,0.459,0.307,0.714,-1.9,0,0
Max Strus,2021-22,MIA,26.0,68,23.3,10.6,3.0,1.4,0.4,0.2,0.8,0.441,0.41,0.792,2.5,0,0
Max Strus,2022-23,MIA,27.0,80,28.4,11.5,3.2,2.1,0.5,0.2,0.9,0.41,0.35,0.876,-1.8,0,0
Max Strus,2023-24,CLE,28.0,70,32.0,12.2,4.8,4.0,0.9,0.4,1.6,0.418,0.351,0.794,3.6,0,0
Maxi Kleber,2019-20,DAL,28.0,74,25.5,9.1,5.2,1.2,0.3,1.1,0.8,0.461,0.373,0.849,1.4,0,0
Maxi Kleber,2020-21,DAL,29.0,50,26.8,7.1,5.2,1.4,0.5,0.7,0.6,0.422,0.41,0.919,2.7,0,0
Maxi Kleber,2021-22,DAL,30.0,59,24.6,7.0,5.9,1.2,0.5,1.0,0.8,0.398,0.325,0.708,2.0,0,0
Maxi Kleber,2022-23,DAL,31.0,37,25.1,5.9,3.6,1.4,0.3,0.8,0.7,0.456,0.348,0.711,-1.2,0,0
Maxi Kleber,2023-24,DAL,32.0,43,20.3,4.4,3.3,1.6,0.4,0.7,0.7,0.432,0.348,0.702,2.9,0,0
Meyers Leonard,2019-20,MIA,28.0,51,20.3,6.1,5.1,1.1,0.3,0.3,0.8,0.509,0.414,0.643,1.5,0,0
Michael Carter-Williams,2019-20,ORL,28.0,45,18.5,7.2,3.3,2.4,1.1,0.5,1.2,0.427,0.293,0.832,0.5,0,0
Michael Carter-Williams,2020-21,ORL,29.0,31,25.8,8.8,4.5,4.2,0.8,0.5,2.2,0.389,0.246,0.613,-1.6,0,0
Michael Porter Jr.,2019-20,DEN,22.0,55,16.4,9.3,4.7,0.8,0.5,0.5,0.9,0.509,0.422,0.833,0.4,0,0
Michael Porter Jr.,2020-21,DEN,23.0,61,31.3,19.0,7.3,1.1,0.7,0.9,1.3,0.542,0.445,0.791,5.9,0,0
Michael Porter Jr.,2022-23,DEN,25.0,62,29.0,17.4,5.5,1.0,0.6,0.5,1.1,0.487,0.414,0.8,6.7,0,0
Michael Porter Jr.,2023-24,DEN,26.0,81,31.7,16.7,7.0,1.5,0.5,0.7,1.1,0.484,0.397,0.836,5.8,0,0
Mikal Bridges,2019-20,PHX,23.0,73,28.0,9.1,4.0,1.8,1.4,0.6,1.0,0.51,0.361,0.844,1.6,0,0
Mikal Bridges,2020-21,PHX,24.0,72,32.6,13.5,4.3,2.1,1.1,0.9,0.8,0.543,0.425,0.84,4.7,0,0
Mikal Bridges,2021-22,PHX,25.0,82,34.8,14.2,4.2,2.3,1.2,0.4,0.8,0.534,0.369,0.834,7.0,0,0
Mikal Bridges,2022-23,BKN,26.0,83,35.7,20.1,4.4,3.3,1.1,0.7,1.5,0.468,0.382,0.895,0.4,0,0
Mikal Bridges,2023-24,BKN,27.0,82,34.8,19.6,4.5,3.6,1.0,0.4,2.0,0.436,0.372,0.814,-2.3,0,0
Mike Conley,2019-20,UTA,32.0,47,29.0,14.4,3.2,4.4,0.8,0.1,2.0,0.409,0.375,0.827,1.6,0,0
Mike Conley,2020-21,UTA,33.0,51,29.4,16.2,3.5,6.0,1.4,0.2,1.9,0.444,0.412,0.852,10.7,1,0
Mike Conley,2021-22,UTA,34.0,72,28.6,13.7,3.0,5.3,1.3,0.3,1.7,0.435,0.408,0.796,4.8,0,1
Mike Conley,2022-23,MIN,35.0,67,30.3,11.9,2.7,6.7,1.1,0.2,1.5,0.428,0.385,0.834,0.9,0,1
Mike Conley,2023-24,MIN,36.0,76,28.9,11.4,2.9,5.9,1.2,0.2,1.3,0.457,0.442,0.911,3.6,0,1
Mike Muscala,2020-21,OKC,29.0,35,18.4,9.7,3.8,0.8,0.2,0.3,0.6,0.446,0.37,0.917,0.5,0,0
Mike Muscala,2022-23,BOS,31.0,63,15.0,6.1,3.2,0.8,0.2,0.4,0.4,0.449,0.391,0.769,3.2,0,0
Mike Scott,2019-20,PHI,31.0,68,17.8,6.0,3.6,0.8,0.3,0.1,0.4,0.426,0.369,0.811,2.1,0,0
Mike Scott,2020-21,PHI,32.0,51,16.7,4.2,2.4,0.8,0.5,0.3,0.4,0.36,0.342,0.667,-0.2,0,0
Miles Bridges,2019-20,CHA,22.0,65,30.7,13.0,5.6,1.8,0.6,0.7,1.5,0.424,0.33,0.809,-6.1,0,0
Miles Bridges,2020-21,CHA,23.0,66,29.3,12.7,6.0,2.2,0.7,0.8,1.6,0.503,0.4,0.867,-0.1,0,0
Miles Bridges,2021-22,CHA,24.0,80,35.5,20.2,7.0,3.8,0.9,0.8,1.9,0.491,0.331,0.802,1.8,0,0
Miles Bridges,2023-24,CHA,26.0,69,37.4,21.0,7.3,3.3,0.9,0.5,2.0,0.462,0.349,0.825,-9.2,0,0
Miles McBride,2023-24,NYK,23.0,68,19.5,8.3,1.5,1.7,0.7,0.1,0.4,0.452,0.41,0.86,-0.2,0,0
Mitchell Robinson,2019-20,NYK,22.0,61,23.2,9.7,7.0,0.6,0.9,2.0,0.6,0.742,0.0,0.568,-1.8,0,0
Mitchell Robinson,2020-21,NYK,23.0,31,27.5,8.3,8.1,0.5,1.1,1.5,0.8,0.653,0.0,0.491,-0.5,0,0
Mitchell Robinson,2021-22,NYK,24.0,72,25.7,8.5,8.6,0.5,0.8,1.8,0.8,0.761,0.0,0.486,-1.1,0,0
Mitchell Robinson,2022-23,NYK,25.0,59,26.9,7.4,9.4,0.9,0.9,1.8,0.7,0.671,0.0,0.484,3.1,0,0
Mitchell Robinson,2023-24,NYK,26.0,31,24.8,5.6,8.5,0.6,1.2,1.1,0.8,0.575,0.0,0.409,0.4,0,0
Mo Bamba,2020-21,ORL,23.0,46,15.8,8.0,5.8,0.8,0.3,1.3,0.8,0.472,0.322,0.682,-4.4,0,0
Mo Bamba,2021-22,ORL,24.0,71,25.7,10.6,8.1,1.2,0.5,1.7,1.1,0.48,0.381,0.781,-5.3,0,0
Mo Bamba,2022-23,LAL,25.0,49,15.7,6.6,4.6,0.9,0.3,0.9,0.6,0.485,0.387,0.661,0.2,0,0
Monte Morris,2019-20,DEN,25.0,73,22.4,9.0,1.9,3.5,0.8,0.2,0.7,0.459,0.378,0.843,0.7,0,0
Monte Morris,2020-21,DEN,26.0,47,25.5,10.2,2.0,3.2,0.7,0.3,0.7,0.481,0.381,0.795,3.3,0,0
Monte Morris,2021-22,DEN,27.0,75,29.9,12.6,3.0,4.4,0.7,0.2,1.0,0.484,0.395,0.869,3.8,0,0
Monte Morris,2022-23,WAS,28.0,62,27.4,10.3,3.4,5.3,0.7,0.2,1.0,0.48,0.382,0.831,0.1,0,0
Montrezl Harrell,2019-20,LAC,26.0,63,27.8,18.6,7.1,1.7,0.6,1.1,1.7,0.58,0.0,0.658,4.0,0,0
Montrezl Harrell,2020-21,LAL,27.0,69,22.9,13.5,6.2,1.1,0.7,0.7,1.1,0.622,0.0,0.707,0.6,0,0
Montrezl Harrell,2021-22,CHA,28.0,71,23.1,13.1,6.1,2.0,0.4,0.6,1.0,0.645,0.235,0.716,1.2,0,0
Moritz Wagner,2019-20,WAS,23.0,45,18.6,8.7,4.9,1.2,0.6,0.4,1.5,0.545,0.313,0.821,-2.0,0,0
Moritz Wagner,2020-21,ORL,24.0,45,16.0,6.9,3.2,1.1,0.6,0.4,1.0,0.454,0.341,0.816,-3.2,0,0
Moritz Wagner,2021-22,ORL,25.0,63,15.2,9.0,3.7,1.4,0.3,0.2,0.9,0.497,0.328,0.806,-2.4,0,0
Moritz Wagner,2022-23,ORL,26.0,57,19.5,10.5,4.5,1.5,0.6,0.2,1.2,0.5,0.313,0.841,-0.5,0,0
Moritz Wagner,2023-24,ORL,27.0,80,17.7,10.9,4.3,1.2,0.5,0.3,1.2,0.601,0.33,0.814,1.2,0,0
Moses Brown,2020-21,BOS,21.0,43,21.4,8.6,8.9,0.2,0.7,1.1,1.0,0.545,0.0,0.619,-8.4,0,0
Moses Moody,2023-24,GSW,22.0,66,17.5,8.1,3.0,0.9,0.6,0.4,0.7,0.462,0.36,0.785,1.5,0,0
Myles Turner,2019-20,IND,24.0,62,29.4,12.1,6.6,1.2,0.7,2.1,1.4,0.457,0.344,0.751,-0.1,0,0
Myles Turner,2020-21,IND,25.0,47,31.0,12.6,6.5,1.0,0.9,3.4,1.4,0.477,0.335,0.782,0.5,0,0
Myles Turner,2021-22,IND,26.0,42,29.4,12.9,7.1,1.0,0.7,2.8,1.3,0.509,0.333,0.752,-0.3,0,0
Myles Turner,2022-23,IND,27.0,62,29.4,18.0,7.5,1.4,0.6,2.3,1.7,0.548,0.373,0.783,-0.8,0,0
Myles Turner,2023-24,IND,28.0,77,27.0,17.1,6.9,1.3,0.5,1.9,1.4,0.524,0.358,0.773,2.9,0,0
Naji Marshall,2020-21,NOP,23.0,32,21.9,7.7,4.6,2.8,0.8,0.3,1.2,0.392,0.349,0.707,-0.9,0,0
Naji Marshall,2022-23,NOP,25.0,77,23.3,9.1,3.6,2.5,0.7,0.2,1.3,0.433,0.303,0.789,0.1,0,0
Naji Marshall,2023-24,NOP,26.0,66,19.0,7.1,3.6,1.9,0.7,0.2,1.0,0.463,0.387,0.791,3.1,0,0
Nassir Little,2021-22,POR,22.0,42,25.9,9.8,5.6,1.3,0.6,0.9,1.0,0.46,0.331,0.734,-0.5,0,0
Nassir Little,2022-23,POR,23.0,54,18.1,6.6,2.6,0.9,0.4,0.4,0.7,0.442,0.367,0.717,-3.5,0,0
Naz Reid,2019-20,MIN,20.0,30,16.5,9.0,4.1,1.2,0.6,0.7,0.7,0.412,0.33,0.698,0.2,0,0
Naz Reid,2020-21,MIN,21.0,70,19.2,11.2,4.6,1.0,0.5,1.1,1.0,0.523,0.351,0.693,-4.2,0,0
Naz Reid,2021-22,MIN,22.0,77,15.8,8.3,3.9,0.9,0.5,0.9,1.1,0.489,0.343,0.765,-1.2,0,0
Naz Reid,2022-23,MIN,23.0,68,18.4,11.5,4.9,1.1,0.6,0.8,1.4,0.537,0.346,0.677,-1.9,0,0
Naz Reid,2023-24,MIN,24.0,81,24.2,13.5,5.2,1.3,0.8,0.9,1.4,0.477,0.414,0.736,3.1,0,0
Nemanja Bjelica,2019-20,SAC,32.0,72,27.9,11.5,6.4,2.8,0.9,0.6,1.4,0.481,0.419,0.821,0.1,0,0
Nemanja Bjelica,2020-21,MIA,33.0,37,16.1,6.5,3.4,1.9,0.4,0.1,0.9,0.454,0.318,0.725,-1.8,0,0
Nemanja Bjelica,2021-22,GSW,34.0,71,16.1,6.1,4.1,2.2,0.6,0.4,1.2,0.468,0.362,0.728,1.8,0,0
Nerlens Noel,2019-20,OKC,26.0,61,18.5,7.4,4.9,0.9,1.0,1.5,1.1,0.684,0.333,0.755,0.4,0,0
Nerlens Noel,2020-21,NYK,27.0,64,24.2,5.1,6.4,0.7,1.1,2.2,1.0,0.614,0.0,0.714,0.0,0,0
Nic Claxton,2020-21,BKN,22.0,32,18.6,6.6,5.2,0.9,0.7,1.3,0.6,0.621,0.2,0.484,4.9,0,0
Nic Claxton,2021-22,BKN,23.0,47,20.7,8.7,5.6,0.9,0.5,1.1,0.8,0.674,0.0,0.581,-0.6,0,0
Nic Claxton,2022-23,BKN,24.0,76,29.9,12.6,9.2,1.9,0.9,2.5,1.3,0.705,0.0,0.541,1.6,0,0
Nic Claxton,2023-24,BKN,25.0,71,29.8,11.8,9.9,2.1,0.6,2.1,1.3,0.629,0.2,0.551,-3.9,0,0
Nick Richards,2022-23,CHA,25.0,65,18.7,8.2,6.4,0.6,0.2,1.1,0.9,0.629,1.0,0.749,-1.7,0,0
Nick Richards,2023-24,CHA,26.0,67,26.2,9.7,8.0,0.8,0.4,1.1,1.1,0.691,0.0,0.737,-6.4,0,0
Nickeil Alexander-Walker,2020-21,NOP,22.0,46,21.9,11.0,3.1,2.2,1.0,0.5,1.5,0.419,0.347,0.727,-1.1,0,0
Nickeil Alexander-Walker,2021-22,UTA,23.0,65,22.6,10.6,2.9,2.4,0.7,0.4,1.4,0.372,0.311,0.743,-1.7,0,0
Nickeil Alexander-Walker,2022-23,MIN,24.0,59,15.0,6.2,1.7,1.8,0.5,0.4,0.9,0.444,0.384,0.667,-0.9,0,0
Nickeil Alexander-Walker,2023-24,MIN,25.0,82,23.4,8.0,2.0,2.5,0.8,0.5,0.9,0.439,0.391,0.8,3.8,0,0
Nicolas Batum,2020-21,LAC,32.0,67,27.4,8.1,4.7,2.2,1.0,0.6,0.8,0.464,0.404,0.828,5.1,0,0
Nicolas Batum,2021-22,LAC,33.0,59,24.8,8.3,4.3,1.7,1.0,0.7,0.7,0.463,0.4,0.658,-2.2,0,0
Nicolas Batum,2022-23,LAC,34.0,78,21.9,6.1,3.8,1.6,0.7,0.6,0.6,0.42,0.391,0.708,2.1,0,0
Nicolas Batum,2023-24,PHI,35.0,60,25.5,5.3,4.1,2.1,0.8,0.6,0.7,0.453,0.395,0.714,3.0,0,0
Nicolo Melli,2019-20,NOP,29.0,60,17.4,6.6,3.0,1.4,0.6,0.4,0.8,0.421,0.335,0.74,-1.5,0,0
Nikola Jokić,2019-20,DEN,25.0,73,32.0,19.9,9.7,7.0,1.2,0.6,3.1,0.528,0.314,0.817,3.5,1,0
Nikola Jokić,2020-21,DEN,26.0,72,34.6,26.4,10.8,8.3,1.3,0.7,3.1,0.566,0.388,0.868,5.3,1,1
Nikola Jokić,2021-22,DEN,27.0,74,33.5,27.1,13.8,7.9,1.5,0.9,3.8,0.583,0.337,0.81,6.0,1,2
Nikola Jokić,2022-23,DEN,28.0,69,33.7,24.5,11.8,9.8,1.3,0.7,3.6,0.632,0.383,0.822,9.3,1,3
Nikola Jokić,2023-24,DEN,29.0,79,34.6,26.4,12.4,9.0,1.4,0.9,3.0,0.583,0.359,0.817,8.6,1,4
Nikola Jović,2023-24,MIA,21.0,46,19.5,7.7,4.2,2.0,0.5,0.3,0.9,0.452,0.399,0.702,3.2,0,0
Nikola Vučević,2019-20,ORL,29.0,62,32.2,19.6,10.9,3.6,0.9,0.8,1.4,0.477,0.339,0.784,0.8,0,0
Nikola Vučević,2020-21,CHI,30.0,70,33.5,23.4,11.7,3.8,0.9,0.7,1.8,0.477,0.4,0.84,-4.9,1,0
Nikola Vučević,2021-22,CHI,31.0,73,33.1,17.6,11.0,3.2,1.0,1.0,1.9,0.473,0.314,0.76,-0.7,0,1
Nikola Vučević,2022-23,CHI,32.0,82,33.5,17.6,11.0,3.2,0.7,0.7,1.7,0.52,0.349,0.835,-0.2,0,1
Nikola Vučević,2023-24,CHI,33.0,76,34.3,18.0,10.5,3.3,0.7,0.8,1.6,0.484,0.294,0.822,-2.4,0,1
Norman Powell,2019-20,TOR,27.0,52,28.4,16.0,3.7,1.8,1.2,0.4,1.5,0.495,0.399,0.843,2.8,0,0
Norman Powell,2020-21,POR,28.0,69,32.0,18.6,3.1,1.9,1.2,0.3,1.7,0.477,0.411,0.871,1.1,0,0
Norman Powell,2021-22,LAC,29.0,45,32.4,19.0,3.2,2.1,0.9,0.5,1.5,0.461,0.419,0.811,-4.9,0,0
Norman Powell,2022-23,LAC,30.0,60,26.1,17.0,2.9,1.8,0.8,0.3,1.7,0.479,0.397,0.812,-2.1,0,0
Norman Powell,2023-24,LAC,31.0,76,26.2,13.9,2.6,1.1,0.6,0.3,0.9,0.486,0.435,0.831,2.8,0,0
OG Anunoby,2019-20,TOR,22.0,69,29.9,10.6,5.3,1.6,1.4,0.7,1.1,0.505,0.39,0.706,4.0,0,0
OG Anunoby,2020-21,TOR,23.0,43,33.3,15.9,5.5,2.2,1.5,0.7,1.7,0.48,0.398,0.784,2.7,0,0
OG Anunoby,2021-22,TOR,24.0,48,36.0,17.1,5.5,2.6,1.5,0.5,1.7,0.443,0.363,0.754,2.8,0,0
OG Anunoby,2022-23,TOR,25.0,67,35.6,16.8,5.0,2.0,1.9,0.7,2.0,0.476,0.387,0.838,2.0,0,0
OG Anunoby,2023-24,NYK,26.0,50,34.0,14.7,4.2,2.1,1.4,0.7,1.6,0.489,0.382,0.753,7.8,0,0
Obi Toppin,2021-22,NYK,24.0,72,17.1,9.0,3.7,1.1,0.3,0.5,0.8,0.531,0.308,0.758,2.3,0,0
Obi Toppin,2022-23,NYK,25.0,67,15.7,7.4,2.8,1.0,0.3,0.2,0.6,0.446,0.344,0.809,0.9,0,0
Obi Toppin,2023-24,IND,26.0,82,21.1,10.3,3.9,1.6,0.6,0.5,0.8,0.573,0.403,0.77,1.7,0,0
Ochai Agbaji,2022-23,UTA,23.0,59,20.5,7.9,2.1,1.1,0.3,0.3,0.7,0.427,0.355,0.812,-0.3,0,0
Ochai Agbaji,2023-24,TOR,24.0,78,21.0,5.8,2.8,1.1,0.6,0.6,0.8,0.411,0.294,0.661,-3.2,0,0
Omari Spellman,2019-20,MIN,22.0,49,18.1,7.6,4.5,1.0,0.7,0.5,1.1,0.431,0.391,0.793,-2.9,0,0
Onyeka Okongwu,2021-22,ATL,21.0,48,20.7,8.2,5.9,1.1,0.6,1.3,0.9,0.69,0.0,0.727,2.3,0,0
Onyeka Okongwu,2022-23,ATL,22.0,80,23.1,9.9,7.2,1.0,0.7,1.3,1.0,0.638,0.308,0.781,0.8,0,0
Onyeka Okongwu,2023-24,ATL,23.0,55,25.5,10.2,6.8,1.3,0.5,1.1,0.8,0.611,0.333,0.793,-0.6,0,0
Oshae Brissett,2021-22,IND,24.0,67,23.3,9.1,5.3,1.1,0.7,0.4,0.8,0.411,0.35,0.695,-3.3,0,0
Oshae Brissett,2022-23,IND,25.0,65,16.7,6.1,3.4,0.7,0.5,0.2,0.5,0.386,0.31,0.717,0.3,0,0
Otto Porter Jr.,2021-22,GSW,29.0,63,22.2,8.2,5.7,1.5,1.1,0.5,0.6,0.464,0.37,0.803,3.7,0,0
P.J. Tucker,2019-20,HOU,35.0,72,34.3,6.9,6.6,1.6,1.1,0.5,1.0,0.415,0.358,0.813,2.2,0,0
P.J. Tucker,2020-21,MIL,36.0,52,26.1,3.7,3.9,1.2,0.8,0.4,0.8,0.373,0.336,0.75,-3.4,0,0
P.J. Tucker,2021-22,MIA,37.0,71,27.9,7.6,5.5,2.1,0.8,0.2,0.9,0.484,0.415,0.738,3.2,0,0
P.J. Tucker,2022-23,PHI,38.0,75,25.6,3.5,3.9,0.8,0.5,0.2,0.6,0.427,0.393,0.826,1.8,0,0
P.J. Tucker,2023-24,LAC,39.0,31,15.7,1.7,2.7,0.5,0.5,0.2,0.3,0.36,0.371,1.0,-0.8,0,0
P.J. Washington,2019-20,CHA,21.0,58,30.3,12.2,5.4,2.1,0.9,0.8,1.6,0.455,0.374,0.647,-3.8,0,0
P.J. Washington,2020-21,CHA,22.0,64,30.5,12.9,6.5,2.5,1.1,1.2,2.0,0.44,0.386,0.745,0.5,0,0
P.J. Washington,2021-22,CHA,23.0,65,27.2,10.3,5.2,2.3,0.9,0.9,1.3,0.47,0.365,0.716,2.2,0,0
P.J. Washington,2022-23,CHA,24.0,73,32.6,15.7,4.9,2.4,0.9,1.1,1.5,0.444,0.348,0.73,-5.1,0,0
P.J. Washington,2023-24,DAL,25.0,73,30.4,12.9,5.6,1.9,1.0,0.8,1.3,0.436,0.32,0.683,-1.8,0,0
PJ Dozier,2020-21,DEN,24.0,50,21.8,7.7,3.6,1.8,0.6,0.4,0.9,0.417,0.315,0.636,3.9,0,0
Paolo Banchero,2022-23,ORL,20.0,72,33.7,20.0,6.9,3.7,0.8,0.5,2.8,0.427,0.298,0.738,-3.0,0,0
Paolo Banchero,2023-24,ORL,21.0,80,35.0,22.6,6.9,5.4,0.9,0.6,3.1,0.455,0.339,0.725,0.0,1,0
Pascal Siakam,2019-20,TOR,26.0,60,35.2,22.9,7.3,3.5,1.0,0.9,2.5,0.453,0.359,0.792,6.6,1,0
Pascal Siakam,2020-21,TOR,27.0,56,35.8,21.4,7.2,4.5,1.1,0.7,2.3,0.455,0.297,0.827,2.3,0,1
Pascal Siakam,2021-22,TOR,28.0,68,37.9,22.8,8.5,5.3,1.3,0.6,2.7,0.494,0.344,0.749,3.8,0,1
Pascal Siakam,2022-23,TOR,29.0,71,37.4,24.2,7.8,5.8,0.9,0.5,2.4,0.48,0.324,0.774,1.7,1,1
Pascal Siakam,2023-24,IND,30.0,80,33.2,21.7,7.1,4.3,0.8,0.3,1.8,0.536,0.346,0.732,1.4,0,2
Pat Connaughton,2019-20,MIL,27.0,67,18.6,5.4,4.2,1.6,0.4,0.5,0.8,0.455,0.331,0.775,1.2,0,0
Pat Connaughton,2020-21,MIL,28.0,69,22.8,6.8,4.8,1.2,0.7,0.3,0.5,0.434,0.371,0.775,3.2,0,0
Pat Connaughton,2021-22,MIL,29.0,65,26.0,9.9,4.2,1.3,0.9,0.2,0.5,0.458,0.395,0.833,-0.4,0,0
Pat Connaughton,2022-23,MIL,30.0,61,23.7,7.6,4.6,1.3,0.6,0.2,0.5,0.392,0.339,0.659,2.2,0,0
Pat Connaughton,2023-24,MIL,31.0,76,22.1,5.6,3.1,2.1,0.5,0.3,0.6,0.435,0.345,0.759,-0.2,0,0
Patrick Beverley,2019-20,LAC,31.0,51,26.3,7.9,5.2,3.6,1.1,0.5,1.3,0.431,0.388,0.66,5.6,0,0
Patrick Beverley,2020-21,LAC,32.0,37,22.5,7.5,3.2,2.1,0.8,0.8,0.9,0.423,0.397,0.8,4.0,0,0
Patrick Beverley,2021-22,MIN,33.0,58,25.4,9.2,4.1,4.6,1.2,0.9,1.3,0.406,0.343,0.722,1.9,0,0
Patrick Beverley,2022-23,CHI,34.0,67,27.1,6.2,3.7,2.9,0.9,0.6,0.9,0.4,0.335,0.723,-1.2,0,0
Patrick Beverley,2023-24,MIL,35.0,73,20.0,6.2,3.3,2.9,0.6,0.4,0.9,0.417,0.337,0.822,-0.8,0,0
Patrick McCaw,2019-20,TOR,24.0,37,24.5,4.6,2.3,2.1,1.1,0.1,0.8,0.414,0.324,0.722,0.1,0,0
Patrick Patterson,2020-21,LAC,32.0,38,15.3,5.2,2.0,0.8,0.4,0.2,0.3,0.436,0.357,0.765,0.6,0,0
Patrick Williams,2020-21,CHI,19.0,71,27.9,9.2,4.6,1.4,0.9,0.6,1.4,0.483,0.391,0.728,-4.1,0,0
Patrick Williams,2022-23,CHI,21.0,82,28.3,10.2,4.0,1.2,0.9,0.9,1.2,0.464,0.415,0.857,-1.7,0,0
Patrick Williams,2023-24,CHI,22.0,43,27.3,10.0,3.9,1.5,0.9,0.8,1.3,0.443,0.399,0.788,-0.3,0,0
Patty Mills,2019-20,SAS,31.0,66,22.5,11.6,1.6,1.8,0.8,0.1,0.8,0.431,0.382,0.866,2.0,0,0
Patty Mills,2020-21,SAS,32.0,68,24.8,10.8,1.7,2.4,0.6,0.0,1.0,0.412,0.375,0.91,0.4,0,0
Patty Mills,2021-22,BKN,33.0,81,29.0,11.4,1.9,2.3,0.6,0.2,0.9,0.408,0.4,0.814,1.4,0,0
Paul George,2019-20,LAC,30.0,48,29.6,21.5,5.7,3.9,1.4,0.4,2.6,0.439,0.412,0.876,5.4,0,0
Paul George,2020-21,LAC,31.0,54,33.7,23.3,6.6,5.2,1.1,0.4,3.3,0.467,0.411,0.868,8.0,1,0
Paul George,2021-22,LAC,32.0,31,34.8,24.3,6.9,5.7,2.2,0.4,4.1,0.421,0.354,0.858,3.0,0,1
Paul George,2022-23,LAC,33.0,56,34.6,23.8,6.1,5.1,1.5,0.4,3.1,0.457,0.371,0.871,2.8,1,1
Paul George,2023-24,LAC,34.0,74,33.8,22.6,5.2,3.5,1.5,0.5,2.1,0.471,0.413,0.907,6.2,1,2
Paul Millsap,2019-20,DEN,35.0,51,24.3,11.6,5.7,1.6,0.9,0.6,1.4,0.482,0.435,0.816,4.4,0,0
Paul Millsap,2020-21,DEN,36.0,56,20.8,9.0,4.7,1.8,0.9,0.6,0.9,0.476,0.343,0.724,1.8,0,0
Paul Reed,2023-24,PHI,25.0,82,19.4,7.3,6.0,1.3,0.8,1.0,0.8,0.54,0.368,0.718,1.2,0,0
Payton Pritchard,2020-21,BOS,23.0,66,19.2,7.7,2.4,1.8,0.6,0.1,0.8,0.44,0.411,0.889,0.6,0,0
Payton Pritchard,2023-24,BOS,26.0,82,22.3,9.6,3.2,3.4,0.5,0.1,0.7,0.468,0.385,0.821,5.5,0,0
Peyton Watson,2023-24,DEN,21.0,80,18.6,6.7,3.2,1.1,0.5,1.1,0.7,0.465,0.296,0.67,-0.9,0,0
Precious Achiuwa,2021-22,TOR,22.0,73,23.6,9.1,6.5,1.1,0.5,0.6,1.2,0.439,0.359,0.595,1.0,0,0
Precious Achiuwa,2022-23,TOR,23.0,55,20.7,9.2,6.0,0.9,0.6,0.5,1.1,0.485,0.269,0.702,-0.7,0,0
Precious Achiuwa,2023-24,NYK,24.0,74,21.9,7.6,6.6,1.3,0.6,0.9,1.1,0.501,0.268,0.616,-0.6,0,0
Quentin Grimes,2021-22,NYK,22.0,46,17.1,6.0,2.0,1.0,0.7,0.2,0.6,0.404,0.381,0.684,-1.2,0,0
Quentin Grimes,2022-23,NYK,23.0,71,29.9,11.3,3.2,2.1,0.7,0.4,1.0,0.468,0.386,0.796,2.6,0,0
Quentin Grimes,2023-24,DET,24.0,51,20.1,7.0,2.0,1.3,0.7,0.1,0.5,0.372,0.338,0.756,-0.8,0,0
R.J. Hampton,2020-21,ORL,20.0,51,17.4,6.9,3.5,1.7,0.4,0.2,1.0,0.435,0.31,0.671,-5.6,0,0
R.J. Hampton,2021-22,ORL,21.0,64,21.9,7.6,3.0,2.5,0.7,0.2,1.4,0.383,0.35,0.641,-6.5,0,0
R.J. Hampton,2022-23,DET,22.0,47,15.9,6.4,1.9,1.1,0.6,0.2,0.9,0.43,0.353,0.75,-3.0,0,0
RJ Barrett,2019-20,NYK,20.0,56,30.4,14.3,5.0,2.6,1.0,0.3,2.2,0.402,0.32,0.614,-5.8,0,0
RJ Barrett,2020-21,NYK,21.0,72,34.9,17.6,5.8,3.0,0.7,0.3,1.9,0.441,0.401,0.746,1.9,0,0
RJ Barrett,2021-22,NYK,22.0,70,34.5,20.0,5.8,3.0,0.6,0.2,2.2,0.408,0.342,0.714,-2.1,0,0
RJ Barrett,2022-23,NYK,23.0,73,33.9,19.6,5.0,2.8,0.4,0.2,2.2,0.434,0.31,0.74,-0.8,0,0
RJ Barrett,2023-24,TOR,24.0,58,31.7,20.2,5.4,3.3,0.5,0.4,2.2,0.495,0.36,0.715,-2.6,0,0
Rajon Rondo,2019-20,LAL,34.0,48,20.5,7.1,3.0,5.0,0.8,0.0,1.9,0.418,0.328,0.659,0.9,0,0
Rajon Rondo,2020-21,LAC,35.0,45,17.1,5.4,2.4,4.4,0.8,0.1,1.8,0.442,0.404,0.941,0.5,0,0
Rajon Rondo,2021-22,CLE,36.0,39,17.9,4.8,2.8,4.4,0.8,0.2,1.7,0.386,0.352,0.731,-2.8,0,0
Raul Neto,2020-21,WAS,29.0,64,21.9,8.7,2.4,2.3,1.1,0.1,0.8,0.468,0.39,0.882,-0.3,0,0
Raul Neto,2021-22,WAS,30.0,70,19.6,7.5,1.9,3.1,0.8,0.0,1.1,0.463,0.292,0.769,-1.2,0,0
Rayan Rupert,2023-24,POR,20.0,39,16.2,4.0,2.4,1.6,0.3,0.1,0.8,0.335,0.359,0.76,-3.2,0,0
Reggie Bullock Jr.,2020-21,NYK,30.0,65,30.0,10.9,3.4,1.5,0.8,0.2,0.7,0.442,0.41,0.909,1.6,0,0
Reggie Bullock Jr.,2021-22,DAL,31.0,68,28.0,8.6,3.5,1.2,0.6,0.2,0.6,0.401,0.36,0.833,4.0,0,0
Reggie Bullock Jr.,2022-23,DAL,32.0,78,30.3,7.2,3.6,1.4,0.7,0.2,0.5,0.409,0.38,0.703,-1.1,0,0
Reggie Jackson,2019-20,LAC,30.0,31,24.0,11.9,3.0,4.1,0.4,0.2,1.6,0.411,0.393,0.833,3.5,0,0
Reggie Jackson,2020-21,LAC,31.0,67,23.0,10.7,2.9,3.1,0.6,0.1,1.1,0.45,0.433,0.817,3.7,0,0
Reggie Jackson,2021-22,LAC,32.0,75,31.2,16.8,3.6,4.8,0.7,0.2,2.3,0.392,0.326,0.847,-0.9,0,0
Reggie Jackson,2022-23,DEN,33.0,68,24.4,10.2,2.1,3.4,0.7,0.1,1.7,0.411,0.333,0.91,-1.2,0,0
Reggie Jackson,2023-24,DEN,34.0,82,22.2,10.2,1.9,3.8,0.5,0.1,1.3,0.431,0.359,0.806,1.0,0,0
Richaun Holmes,2019-20,SAC,26.0,44,28.2,12.3,8.1,1.0,0.9,1.3,1.2,0.648,0.0,0.788,0.4,0,0
Richaun Holmes,2020-21,SAC,27.0,61,29.2,14.2,8.3,1.7,0.6,1.6,1.2,0.637,0.182,0.794,0.1,0,0
Richaun Holmes,2021-22,SAC,28.0,45,23.9,10.4,7.0,1.1,0.4,0.9,1.2,0.66,0.4,0.778,-3.0,0,0
Ricky Rubio,2019-20,PHX,29.0,65,31.0,13.0,4.7,8.8,1.4,0.2,2.7,0.415,0.361,0.863,2.3,0,0
Ricky Rubio,2020-21,MIN,30.0,68,26.1,8.6,3.3,6.4,1.4,0.1,1.6,0.388,0.308,0.867,-2.7,0,0
Ricky Rubio,2021-22,IND,31.0,34,28.5,13.1,4.1,6.6,1.4,0.2,2.6,0.363,0.339,0.854,5.4,0,0
Ricky Rubio,2022-23,CLE,32.0,33,17.2,5.2,2.1,3.5,0.8,0.2,0.9,0.343,0.256,0.8,1.4,0,0
Robert Covington,2019-20,HOU,29.0,70,30.5,12.4,6.6,1.3,1.6,1.3,1.5,0.422,0.335,0.798,0.5,0,0
Robert Covington,2020-21,POR,30.0,70,32.0,8.5,6.7,1.7,1.4,1.2,0.9,0.401,0.379,0.806,2.9,0,0
Robert Covington,2021-22,LAC,31.0,71,27.3,8.5,5.5,1.3,1.5,1.3,1.1,0.42,0.378,0.841,0.5,0,0
Robert Covington,2022-23,LAC,32.0,48,16.2,6.0,3.5,1.2,0.8,0.7,0.7,0.445,0.397,0.75,-0.1,0,0
Robert Williams III,2020-21,BOS,23.0,52,18.9,8.0,6.9,1.8,0.8,1.8,1.0,0.721,0.0,0.616,0.2,0,0
Robert Williams III,2021-22,BOS,24.0,61,29.6,10.0,9.6,2.0,0.9,2.2,1.0,0.736,0.0,0.722,6.1,0,0
Robert Williams III,2022-23,BOS,25.0,35,23.5,8.0,8.3,1.4,0.6,1.4,1.0,0.747,0.0,0.61,4.9,0,0
Robin Lopez,2020-21,WAS,33.0,71,19.1,9.0,3.8,0.8,0.2,0.6,1.1,0.633,0.278,0.723,-0.2,0,0
Robin Lopez,2021-22,ORL,34.0,36,17.0,7.1,3.5,1.5,0.1,0.5,1.2,0.553,0.333,0.593,-1.8,0,0
Rodney Hood,2020-21,TOR,28.0,55,17.1,4.5,1.9,1.0,0.4,0.1,0.7,0.362,0.301,0.857,-2.4,0,0
Rodney McGruder,2019-20,LAC,28.0,56,15.6,3.3,2.7,0.6,0.5,0.1,0.4,0.398,0.27,0.559,-0.1,0,0
Rodney McGruder,2022-23,DET,31.0,32,16.4,5.7,2.3,0.9,0.5,0.0,0.3,0.408,0.423,0.818,-1.4,0,0
Romeo Langford,2021-22,SAS,22.0,48,16.1,4.5,2.3,0.4,0.5,0.3,0.3,0.435,0.341,0.548,0.1,0,0
Romeo Langford,2022-23,SAS,23.0,43,19.6,6.9,2.7,1.2,0.6,0.3,0.7,0.467,0.262,0.696,-4.2,0,0
Rondae Hollis-Jefferson,2019-20,TOR,25.0,60,18.7,7.0,4.7,1.8,0.8,0.4,1.0,0.471,0.13,0.734,1.3,0,0
Royce O'Neale,2019-20,UTA,27.0,71,28.9,6.3,5.5,2.5,0.8,0.5,0.9,0.433,0.377,0.764,3.0,0,0
Royce O'Neale,2020-21,UTA,28.0,71,31.6,7.0,6.8,2.5,0.8,0.5,1.2,0.444,0.385,0.848,6.6,0,0
Royce O'Neale,2021-22,UTA,29.0,77,31.2,7.4,4.8,2.5,1.1,0.4,1.0,0.457,0.389,0.804,3.0,0,0
Royce O'Neale,2022-23,BKN,30.0,76,31.7,8.8,5.1,3.7,0.9,0.6,1.5,0.386,0.389,0.725,1.0,0,0
Royce O'Neale,2023-24,PHX,31.0,79,24.7,7.7,4.8,2.8,0.7,0.6,0.9,0.397,0.37,0.686,1.5,0,0
Rudy Gay,2019-20,SAS,33.0,67,21.8,10.8,5.4,1.7,0.5,0.5,1.3,0.446,0.336,0.882,0.2,0,0
Rudy Gay,2020-21,SAS,34.0,63,21.6,11.4,4.8,1.4,0.7,0.6,1.0,0.42,0.381,0.804,2.1,0,0
Rudy Gay,2021-22,UTA,35.0,55,18.9,8.1,4.4,1.0,0.5,0.3,0.9,0.414,0.345,0.785,3.3,0,0
Rudy Gobert,2019-20,UTA,28.0,68,34.3,15.1,13.5,1.5,0.8,2.0,1.9,0.693,0.0,0.63,4.3,1,0
Rudy Gobert,2020-21,UTA,29.0,71,30.8,14.3,13.5,1.3,0.6,2.7,1.7,0.675,0.0,0.623,10.3,1,1
Rudy Gobert,2021-22,UTA,30.0,66,32.1,15.6,14.7,1.1,0.7,2.1,1.8,0.713,0.0,0.69,6.3,1,2
Rudy Gobert,2022-23,MIN,31.0,70,30.7,13.4,11.6,1.2,0.8,1.4,1.7,0.659,0.0,0.644,-0.1,0,3
Rudy Gobert,2023-24,MIN,32.0,76,34.1,14.0,12.9,1.3,0.7,2.1,1.6,0.661,0.0,0.638,5.4,0,3
Rui Hachimura,2019-20,WAS,22.0,48,30.1,13.5,6.1,1.8,0.8,0.2,1.1,0.466,0.287,0.829,-5.3,0,0
Rui Hachimura,2020-21,WAS,23.0,57,31.5,13.8,5.5,1.4,0.8,0.1,1.2,0.478,0.328,0.77,-1.9,0,0
Rui Hachimura,2021-22,WAS,24.0,42,22.5,11.3,3.8,1.1,0.5,0.2,0.8,0.491,0.447,0.697,-3.0,0,0
Rui Hachimura,2022-23,LAL,25.0,63,23.3,11.2,4.5,0.9,0.3,0.4,0.8,0.486,0.319,0.739,-0.4,0,0
Rui Hachimura,2023-24,LAL,26.0,68,26.8,13.6,4.3,1.2,0.6,0.4,0.7,0.537,0.422,0.739,1.8,0,0
Russell Westbrook,2019-20,HOU,31.0,57,36.0,27.2,7.9,7.0,1.6,0.4,4.5,0.472,0.258,0.763,2.2,1,0
Russell Westbrook,2020-21,WAS,32.0,65,36.4,22.2,11.5,11.7,1.4,0.4,4.8,0.439,0.315,0.656,-1.4,0,1
Russell Westbrook,2021-22,LAL,33.0,78,34.3,18.5,7.4,7.1,1.0,0.3,3.8,0.444,0.298,0.667,-2.7,0,1
Russell Westbrook,2022-23,LAC,34.0,73,29.1,15.9,5.8,7.5,1.0,0.5,3.5,0.436,0.311,0.656,-0.3,0,1
Russell Westbrook,2023-24,LAC,35.0,68,22.5,11.1,5.0,4.5,1.1,0.3,2.1,0.454,0.273,0.688,1.5,0,1
Ryan Arcidiacono,2019-20,CHI,26.0,58,16.0,4.5,1.9,1.7,0.5,0.1,0.6,0.409,0.391,0.711,-1.4,0,0
Saben Lee,2020-21,DET,22.0,48,16.3,5.6,2.0,3.6,0.7,0.3,1.1,0.471,0.348,0.685,-1.9,0,0
Saben Lee,2021-22,DET,23.0,37,16.3,5.6,2.4,2.9,1.0,0.3,1.0,0.39,0.233,0.789,-2.2,0,0
Saddiq Bey,2020-21,DET,22.0,70,27.3,12.2,4.5,1.4,0.7,0.2,0.9,0.404,0.38,0.844,-3.0,0,0
Saddiq Bey,2021-22,DET,23.0,82,33.0,16.1,5.4,2.8,0.9,0.2,1.2,0.396,0.346,0.827,-6.1,0,0
Saddiq Bey,2022-23,ATL,24.0,77,27.6,13.8,4.7,1.5,0.9,0.2,0.9,0.422,0.361,0.861,-1.9,0,0
Saddiq Bey,2023-24,ATL,25.0,63,32.7,13.7,6.5,1.5,0.8,0.2,0.9,0.416,0.316,0.837,-0.3,0,0
Sam Hauser,2022-23,BOS,25.0,80,16.1,6.4,2.6,0.9,0.4,0.3,0.4,0.455,0.418,0.706,2.7,0,0
Sam Hauser,2023-24,BOS,26.0,79,22.0,9.0,3.5,1.0,0.5,0.3,0.4,0.446,0.424,0.895,6.2,0,0
Sam Merrill,2023-24,CLE,28.0,61,17.5,8.0,2.0,1.8,0.3,0.1,0.3,0.402,0.404,0.929,0.5,0,0
Sandro Mamukelashvili,2022-23,SAS,24.0,43,15.3,6.1,4.3,1.4,0.3,0.3,0.8,0.422,0.303,0.684,-2.7,0,0
Santi Aldama,2022-23,MEM,22.0,77,21.8,9.0,4.8,1.3,0.6,0.6,0.8,0.47,0.353,0.75,1.2,0,0
Santi Aldama,2023-24,MEM,23.0,61,26.5,10.7,5.8,2.3,0.7,0.9,1.1,0.435,0.349,0.621,-4.5,0,0
Scoot Henderson,2023-24,POR,20.0,62,28.5,14.0,3.1,5.4,0.8,0.2,3.4,0.385,0.325,0.819,-8.0,0,0
Scottie Barnes,2021-22,TOR,20.0,74,35.4,15.3,7.5,3.5,1.1,0.7,1.8,0.492,0.301,0.735,0.9,0,0
Scottie Barnes,2022-23,TOR,21.0,77,34.8,15.3,6.6,4.8,1.1,0.8,2.0,0.456,0.281,0.772,2.3,0,0
Scottie Barnes,2023-24,TOR,22.0,60,34.9,19.9,8.2,6.1,1.3,1.5,2.8,0.475,0.341,0.781,-2.4,1,0
Sekou Doumbouya,2019-20,DET,19.0,38,19.8,6.4,3.1,0.5,0.5,0.2,0.9,0.39,0.286,0.674,-4.6,0,0
Sekou Doumbouya,2020-21,DET,20.0,56,15.5,5.1,2.6,0.8,0.4,0.2,0.8,0.379,0.226,0.703,-2.4,0,0
Semi Ojeleye,2020-21,BOS,26.0,56,17.0,4.6,2.6,0.7,0.3,0.0,0.4,0.403,0.367,0.75,0.1,0,0
Serge Ibaka,2019-20,TOR,30.0,55,27.0,15.4,8.2,1.4,0.5,0.8,2.0,0.512,0.385,0.718,1.7,0,0
Serge Ibaka,2020-21,LAC,31.0,41,23.3,11.1,6.7,1.8,0.2,1.1,1.1,0.51,0.339,0.811,3.8,0,0
Serge Ibaka,2021-22,MIL,32.0,54,16.3,6.8,4.6,0.9,0.2,0.6,0.8,0.5,0.374,0.727,-1.0,0,0
Seth Curry,2019-20,DAL,29.0,64,24.6,12.4,2.3,1.9,0.6,0.1,1.0,0.495,0.452,0.825,2.5,0,0
Seth Curry,2020-21,PHI,30.0,57,28.7,12.5,2.4,2.7,0.8,0.1,1.1,0.467,0.45,0.896,5.6,0,0
Seth Curry,2021-22,BKN,31.0,64,33.3,15.0,3.1,3.6,0.8,0.2,1.7,0.487,0.422,0.872,3.0,0,0
Seth Curry,2022-23,BKN,32.0,61,19.8,9.2,1.6,1.6,0.6,0.1,0.8,0.463,0.405,0.927,-1.1,0,0
Shabazz Napier,2019-20,WAS,28.0,56,24.0,10.3,2.8,4.7,1.2,0.2,2.3,0.412,0.317,0.824,-1.7,0,0
Shaedon Sharpe,2022-23,POR,20.0,80,22.2,9.9,3.0,1.2,0.5,0.3,1.0,0.472,0.36,0.714,-3.7,0,0
Shaedon Sharpe,2023-24,POR,21.0,32,33.1,15.9,5.0,2.9,0.9,0.4,2.3,0.406,0.333,0.824,-7.7,0,0
Shai Gilgeous-Alexander,2019-20,OKC,21.0,70,34.7,19.0,5.9,3.3,1.1,0.7,1.9,0.471,0.347,0.807,2.2,0,0
Shai Gilgeous-Alexander,2020-21,OKC,22.0,35,33.7,23.7,4.7,5.9,0.8,0.7,3.0,0.508,0.418,0.808,-5.3,0,0
Shai Gilgeous-Alexander,2021-22,OKC,23.0,56,34.7,24.5,5.0,5.9,1.3,0.8,2.8,0.453,0.3,0.81,-4.7,0,0
Shai Gilgeous-Alexander,2022-23,OKC,24.0,68,35.5,31.4,4.8,5.5,1.6,1.0,2.8,0.51,0.345,0.905,2.2,1,0
Shai Gilgeous-Alexander,2023-24,OKC,25.0,75,34.0,30.1,5.5,6.2,2.0,0.9,2.2,0.535,0.353,0.874,8.2,1,1
Shake Milton,2019-20,PHI,23.0,40,20.1,9.4,2.2,2.6,0.5,0.2,1.2,0.484,0.43,0.785,-0.1,0,0
Shake Milton,2020-21,PHI,24.0,63,23.2,13.0,2.3,3.1,0.6,0.3,1.6,0.45,0.35,0.83,2.1,0,0
Shake Milton,2021-22,PHI,25.0,55,21.4,8.2,2.6,2.5,0.5,0.3,0.8,0.429,0.323,0.836,-0.5,0,0
Shake Milton,2022-23,PHI,26.0,76,20.6,8.4,2.5,3.2,0.3,0.2,1.2,0.479,0.378,0.853,1.9,0,0
Simone Fontecchio,2023-24,DET,28.0,66,24.9,10.5,3.7,1.5,0.7,0.3,1.0,0.46,0.401,0.818,-0.4,0,0
Skal Labissiere,2019-20,ATL,24.0,33,17.2,5.8,5.1,1.3,0.2,0.9,0.9,0.551,0.231,0.758,0.4,0,0
Solomon Hill,2019-20,MIA,29.0,59,18.4,5.5,2.8,1.8,0.7,0.2,0.9,0.396,0.368,0.741,-1.3,0,0
Solomon Hill,2020-21,ATL,30.0,71,21.3,4.5,3.0,1.1,0.7,0.2,0.6,0.359,0.321,0.761,0.4,0,0
Spencer Dinwiddie,2019-20,BKN,27.0,64,31.2,20.6,3.5,6.8,0.6,0.3,2.7,0.415,0.308,0.778,0.8,0,0
Spencer Dinwiddie,2021-22,DAL,29.0,67,29.6,13.7,4.2,5.2,0.7,0.2,1.6,0.416,0.339,0.774,-0.7,0,0
Spencer Dinwiddie,2022-23,BKN,30.0,79,34.5,17.3,3.4,6.5,0.8,0.3,1.8,0.438,0.369,0.812,-0.1,0,0
Spencer Dinwiddie,2023-24,LAL,31.0,76,28.3,10.5,2.7,4.7,0.7,0.3,1.2,0.392,0.337,0.805,0.9,0,0
Stanley Johnson,2020-21,TOR,25.0,61,16.5,4.4,2.5,1.5,0.9,0.3,0.9,0.382,0.328,0.8,-2.6,0,0
Stanley Johnson,2021-22,LAL,26.0,48,22.8,6.7,3.2,1.7,0.9,0.3,0.7,0.466,0.314,0.716,-1.0,0,0
Stanley Johnson,2022-23,UTA,27.0,30,15.6,5.8,3.2,2.2,0.5,0.2,1.1,0.533,0.45,0.667,-3.1,0,0
Stephen Curry,2020-21,GSW,33.0,63,34.2,32.0,5.5,5.8,1.2,0.1,3.4,0.482,0.421,0.916,3.9,1,0
Stephen Curry,2021-22,GSW,34.0,64,34.5,25.5,5.2,6.3,1.3,0.4,3.2,0.437,0.38,0.923,8.0,1,1
Stephen Curry,2022-23,GSW,35.0,56,34.7,29.4,6.1,6.3,0.9,0.4,3.2,0.493,0.427,0.915,4.8,1,2
Stephen Curry,2023-24,GSW,36.0,74,32.7,26.4,4.5,5.1,0.7,0.4,2.8,0.45,0.408,0.923,2.6,1,3
Sterling Brown,2020-21,HOU,26.0,51,24.1,8.2,4.4,1.4,0.7,0.2,0.8,0.448,0.423,0.806,-3.0,0,0
Steven Adams,2019-20,OKC,26.0,63,26.7,10.9,9.3,2.3,0.8,1.1,1.5,0.592,0.333,0.582,2.4,0,0
Steven Adams,2020-21,NOP,27.0,58,27.7,7.6,8.9,1.9,0.9,0.7,1.3,0.614,0.0,0.444,0.3,0,0
Steven Adams,2021-22,MEM,28.0,76,26.3,6.9,10.0,3.4,0.9,0.8,1.5,0.547,0.0,0.543,4.6,0,0
Steven Adams,2022-23,MEM,29.0,42,27.0,8.6,11.5,2.3,0.9,1.1,1.9,0.597,0.0,0.364,5.8,0,0
Svi Mykhailiuk,2019-20,DET,23.0,56,22.6,9.0,1.9,1.9,0.7,0.1,1.1,0.41,0.404,0.814,-0.1,0,0
Svi Mykhailiuk,2020-21,OKC,24.0,66,20.1,8.5,2.5,1.7,0.8,0.2,1.3,0.411,0.334,0.76,-3.5,0,0
T.J. McConnell,2019-20,IND,28.0,71,18.7,6.5,2.7,5.0,0.8,0.2,1.4,0.516,0.294,0.833,0.7,0,0
T.J. McConnell,2020-21,IND,29.0,69,26.0,8.6,3.7,6.6,1.9,0.3,2.0,0.559,0.313,0.688,1.0,0,0
T.J. McConnell,2022-23,IND,31.0,75,20.4,8.7,3.1,5.3,1.1,0.1,1.9,0.543,0.441,0.853,-0.8,0,0
T.J. McConnell,2023-24,IND,32.0,71,18.2,10.2,2.7,5.5,1.0,0.1,1.5,0.556,0.409,0.79,1.3,0,0
T.J. Warren,2019-20,IND,26.0,67,32.9,19.8,4.2,1.5,1.2,0.5,1.3,0.536,0.403,0.819,1.9,0,0
T.J. Warren,2022-23,PHX,29.0,42,16.4,7.5,2.9,1.0,0.5,0.3,0.5,0.489,0.328,0.8,1.3,0,0
Taj Gibson,2019-20,NYK,35.0,62,16.5,6.1,4.3,0.8,0.4,0.5,0.8,0.584,0.286,0.732,-4.2,0,0
Taj Gibson,2020-21,NYK,36.0,45,20.8,5.4,5.6,0.8,0.7,1.1,0.5,0.627,0.2,0.727,2.9,0,0
Taj Gibson,2021-22,NYK,37.0,52,18.2,4.4,4.4,0.6,0.4,0.8,0.5,0.518,0.395,0.808,0.8,0,0
Talen Horton-Tucker,2020-21,LAL,20.0,65,20.1,9.0,2.6,2.8,1.0,0.3,1.6,0.458,0.282,0.775,0.2,0,0
Talen Horton-Tucker,2021-22,LAL,21.0,60,25.2,10.0,3.2,2.7,1.0,0.5,1.4,0.416,0.269,0.8,-1.5,0,0
Talen Horton-Tucker,2022-23,UTA,22.0,65,20.2,10.7,3.2,3.8,0.6,0.4,1.9,0.419,0.286,0.75,-0.1,0,0
Talen Horton-Tucker,2023-24,UTA,23.0,51,19.8,10.1,2.4,3.5,0.9,0.4,1.3,0.396,0.33,0.807,-2.1,0,0
Tari Eason,2022-23,HOU,22.0,82,21.6,9.3,6.0,1.1,1.2,0.6,1.2,0.448,0.343,0.752,-1.9,0,0
Taurean Prince,2019-20,BKN,26.0,64,29.0,12.1,6.0,1.8,0.9,0.4,2.0,0.376,0.339,0.798,1.1,0,0
Taurean Prince,2020-21,CLE,27.0,41,22.1,9.5,3.5,1.9,0.7,0.6,1.1,0.401,0.4,0.855,-3.1,0,0
Taurean Prince,2021-22,MIN,28.0,69,17.1,7.3,2.5,1.0,0.7,0.3,0.8,0.454,0.376,0.756,-0.1,0,0
Taurean Prince,2022-23,MIN,29.0,54,22.1,9.1,2.4,1.6,0.5,0.3,1.3,0.467,0.381,0.844,0.0,0,0
Taurean Prince,2023-24,LAL,30.0,78,27.0,8.9,2.9,1.5,0.7,0.4,0.9,0.442,0.396,0.735,-1.5,0,0
Taylor Hendricks,2023-24,UTA,20.0,40,21.4,7.3,4.6,0.8,0.7,0.8,0.7,0.45,0.379,0.793,-3.8,0,0
Terance Mann,2020-21,LAC,24.0,67,18.9,7.0,3.6,1.6,0.4,0.2,0.6,0.509,0.418,0.83,0.5,0,0
Terance Mann,2021-22,LAC,25.0,81,28.6,10.8,5.2,2.6,0.7,0.3,1.0,0.484,0.365,0.78,0.8,0,0
Terance Mann,2022-23,LAC,26.0,81,23.1,8.8,3.4,2.3,0.5,0.3,1.0,0.519,0.389,0.78,0.0,0,0
Terance Mann,2023-24,LAC,27.0,75,25.0,8.8,3.4,1.6,0.6,0.2,0.6,0.515,0.348,0.832,0.7,0,0
Terence Davis,2019-20,TOR,23.0,72,16.8,7.5,3.3,1.6,0.5,0.2,1.1,0.456,0.388,0.864,2.8,0,0
Terence Davis,2020-21,SAC,24.0,61,17.6,8.7,2.5,1.4,0.7,0.2,1.0,0.428,0.367,0.818,-1.1,0,0
Terence Davis,2021-22,SAC,25.0,30,17.9,10.4,3.1,1.3,0.8,0.4,1.1,0.423,0.329,0.818,2.0,0,0
Terrance Ferguson,2019-20,OKC,22.0,56,22.5,3.9,1.3,0.9,0.5,0.3,0.6,0.355,0.292,0.75,-2.6,0,0
Terrence Ross,2019-20,ORL,29.0,69,27.4,14.7,3.2,1.2,1.1,0.3,1.0,0.403,0.351,0.853,-1.0,0,0
Terrence Ross,2020-21,ORL,30.0,46,29.3,15.6,3.4,2.3,1.0,0.5,1.6,0.412,0.337,0.87,-5.1,0,0
Terrence Ross,2021-22,ORL,31.0,63,23.0,10.0,2.6,1.8,0.4,0.2,1.2,0.397,0.292,0.862,-5.5,0,0
Terrence Ross,2022-23,PHX,32.0,63,21.1,8.3,2.4,1.5,0.6,0.2,0.7,0.43,0.368,0.794,-1.2,0,0
Terry Rozier,2019-20,CHA,26.0,63,34.4,18.0,4.4,4.1,1.0,0.2,2.2,0.423,0.407,0.874,-6.3,0,0
Terry Rozier,2020-21,CHA,27.0,69,34.5,20.4,4.4,4.2,1.3,0.4,1.9,0.45,0.389,0.817,-1.3,0,0
Terry Rozier,2021-22,CHA,28.0,73,33.7,19.3,4.3,4.5,1.3,0.3,1.3,0.444,0.374,0.852,1.0,0,0
Terry Rozier,2022-23,CHA,29.0,63,35.3,21.1,4.1,5.1,1.2,0.3,2.1,0.415,0.327,0.809,-4.6,0,0
Terry Rozier,2023-24,MIA,30.0,61,33.4,19.8,4.0,5.6,1.0,0.3,1.7,0.443,0.363,0.869,-4.8,0,0
Terry Taylor,2021-22,IND,22.0,33,21.6,9.6,5.2,1.2,0.4,0.2,0.7,0.614,0.316,0.706,-3.5,0,0
Thaddeus Young,2019-20,CHI,32.0,64,24.9,10.3,4.9,1.8,1.4,0.4,1.6,0.448,0.356,0.583,-3.3,0,0
Thaddeus Young,2020-21,CHI,33.0,68,24.3,12.1,6.2,4.3,1.1,0.6,2.0,0.559,0.267,0.628,2.1,0,0
Thaddeus Young,2021-22,TOR,34.0,52,16.3,6.2,4.0,2.0,1.0,0.3,1.0,0.518,0.354,0.469,0.4,0,0
Theo Maledon,2020-21,OKC,20.0,65,27.3,10.1,3.2,3.5,0.9,0.2,2.2,0.368,0.335,0.748,-9.6,0,0
Theo Maledon,2021-22,OKC,21.0,51,17.8,7.1,2.6,2.2,0.6,0.2,1.3,0.375,0.293,0.79,-3.9,0,0
Theo Maledon,2022-23,CHA,22.0,44,19.4,6.7,2.8,3.5,0.8,0.3,1.3,0.402,0.295,0.851,-3.3,0,0
Thomas Bryant,2019-20,WAS,22.0,46,24.9,13.2,7.2,1.8,0.5,1.1,1.2,0.581,0.407,0.741,-3.5,0,0
Thomas Bryant,2022-23,DEN,25.0,59,18.3,9.8,5.7,0.5,0.3,0.5,0.6,0.623,0.441,0.738,-1.6,0,0
Tim Hardaway Jr.,2019-20,DAL,28.0,71,29.5,15.8,3.3,1.9,0.6,0.1,1.0,0.434,0.398,0.819,4.1,0,0
Tim Hardaway Jr.,2020-21,DAL,29.0,70,28.4,16.6,3.3,1.8,0.4,0.2,0.9,0.447,0.391,0.816,1.0,0,0
Tim Hardaway Jr.,2021-22,DAL,30.0,42,29.6,14.2,3.7,2.2,0.9,0.1,0.8,0.394,0.336,0.757,0.9,0,0
Tim Hardaway Jr.,2022-23,DAL,31.0,71,30.3,14.4,3.5,1.8,0.7,0.2,0.8,0.401,0.385,0.77,2.3,0,0
Tim Hardaway Jr.,2023-24,DAL,32.0,79,26.8,14.4,3.2,1.8,0.5,0.1,0.9,0.402,0.353,0.852,0.2,0,0
Timothe Luwawu-Cabarrot,2019-20,BKN,25.0,47,18.1,7.8,2.7,0.6,0.4,0.1,0.8,0.435,0.388,0.852,-1.1,0,0
Timothe Luwawu-Cabarrot,2020-21,BKN,26.0,58,18.1,6.4,2.2,1.2,0.6,0.1,0.7,0.365,0.314,0.814,-0.4,0,0
Tobias Harris,2019-20,PHI,27.0,72,34.3,19.6,6.9,3.2,0.7,0.6,1.4,0.471,0.367,0.806,2.2,0,0
Tobias Harris,2020-21,PHI,28.0,62,32.5,19.5,6.8,3.5,0.9,0.8,1.7,0.512,0.394,0.892,5.2,0,0
Tobias Harris,2021-22,PHI,29.0,73,34.8,17.2,6.8,3.5,0.6,0.6,1.6,0.482,0.367,0.842,2.3,0,0
Tobias Harris,2022-23,PHI,30.0,74,32.9,14.7,5.7,2.5,0.9,0.5,1.2,0.501,0.389,0.876,4.0,0,0
Tobias Harris,2023-24,PHI,31.0,70,33.8,17.2,6.5,3.1,1.0,0.7,1.3,0.487,0.353,0.878,3.2,0,0
Tomas Satoransky,2019-20,CHI,28.0,65,28.9,9.9,3.9,5.4,1.2,0.1,2.0,0.43,0.322,0.876,-1.1,0,0
Tomas Satoransky,2020-21,CHI,29.0,58,22.5,7.7,2.4,4.7,0.7,0.2,1.7,0.514,0.356,0.848,0.0,0,0
Tomas Satoransky,2021-22,WAS,30.0,55,16.5,3.6,2.3,3.3,0.5,0.1,0.8,0.377,0.208,0.796,-3.0,0,0
Tony Bradley,2020-21,OKC,23.0,42,16.3,7.1,5.7,0.9,0.4,0.7,0.8,0.665,0.0,0.691,-0.4,0,0
Tony Snell,2019-20,DET,28.0,59,27.8,8.0,1.9,2.2,0.5,0.3,0.5,0.445,0.402,1.0,-2.9,0,0
Tony Snell,2020-21,ATL,29.0,47,21.1,5.3,2.4,1.3,0.3,0.2,0.4,0.515,0.569,1.0,1.4,0,0
Tony Snell,2021-22,NOP,30.0,53,15.5,3.5,1.9,0.5,0.3,0.2,0.4,0.404,0.352,1.0,-2.2,0,0
Torrey Craig,2019-20,DEN,29.0,58,18.5,5.4,3.3,0.8,0.4,0.6,0.4,0.461,0.326,0.611,-3.0,0,0
Torrey Craig,2020-21,PHX,30.0,50,16.1,5.5,3.9,1.0,0.6,0.5,0.5,0.48,0.368,0.773,-1.9,0,0
Torrey Craig,2021-22,PHX,31.0,78,20.5,6.6,4.0,1.2,0.6,0.5,0.9,0.454,0.329,0.75,-2.4,0,0
Torrey Craig,2022-23,PHX,32.0,79,24.7,7.4,5.4,1.5,0.6,0.8,0.9,0.456,0.395,0.711,-2.2,0,0
Torrey Craig,2023-24,CHI,33.0,53,19.8,5.7,4.1,1.1,0.6,0.4,0.6,0.43,0.392,0.75,-3.4,0,0
Toumani Camara,2023-24,POR,24.0,70,24.8,7.5,4.9,1.2,0.9,0.5,1.2,0.45,0.337,0.758,-2.7,0,0
Trae Young,2019-20,ATL,21.0,60,35.3,29.6,4.3,9.3,1.1,0.1,4.8,0.437,0.361,0.86,-3.8,1,0
Trae Young,2020-21,ATL,22.0,63,33.7,25.3,3.9,9.4,0.8,0.2,4.1,0.438,0.343,0.886,4.2,0,1
Trae Young,2021-22,ATL,23.0,76,34.9,28.4,3.7,9.7,0.9,0.1,4.0,0.46,0.382,0.904,2.1,1,1
Trae Young,2022-23,ATL,24.0,73,34.8,26.2,3.0,10.2,1.1,0.1,4.1,0.429,0.335,0.886,1.4,0,2
Trae Young,2023-24,ATL,25.0,54,36.0,25.7,2.8,10.8,1.3,0.2,4.4,0.43,0.373,0.855,-2.1,1,2
Trayce Jackson-Davis,2023-24,GSW,24.0,68,16.6,7.9,5.0,1.2,0.4,1.1,0.7,0.702,0.0,0.561,0.5,0,0
Tre Jones,2021-22,SAS,22.0,69,16.6,6.0,2.2,3.4,0.6,0.1,0.7,0.49,0.196,0.78,-0.2,0,0
Tre Jones,2022-23,SAS,23.0,68,29.2,12.9,3.6,6.6,1.3,0.1,1.6,0.459,0.285,0.86,-4.8,0,0
Tre Jones,2023-24,SAS,24.0,77,27.8,10.0,3.8,6.2,1.0,0.1,1.5,0.505,0.335,0.856,-0.3,0,0
Tre Mann,2021-22,OKC,21.0,60,22.8,10.4,2.9,1.5,0.8,0.2,1.2,0.393,0.36,0.793,-4.6,0,0
Tre Mann,2022-23,OKC,22.0,67,17.7,7.7,2.3,1.8,0.6,0.2,0.9,0.393,0.315,0.764,0.9,0,0
Tre Mann,2023-24,CHA,23.0,41,24.1,9.3,3.6,4.0,1.2,0.1,1.6,0.459,0.373,0.763,-3.1,0,0
Trendon Watford,2021-22,POR,21.0,48,18.1,7.6,4.1,1.7,0.5,0.6,0.9,0.532,0.237,0.755,-7.3,0,0
Trendon Watford,2022-23,POR,22.0,62,19.1,7.4,3.8,2.1,0.5,0.2,1.1,0.56,0.391,0.72,-2.9,0,0
Treveon Graham,2019-20,ATL,26.0,55,16.9,4.4,2.7,0.8,0.4,0.1,0.5,0.36,0.275,0.643,-2.7,0,0
Trevor Ariza,2019-20,POR,35.0,53,28.2,8.0,4.6,1.7,1.3,0.3,1.1,0.438,0.372,0.838,-0.2,0,0
Trevor Ariza,2020-21,MIA,36.0,30,28.0,9.4,4.8,1.8,1.0,0.6,0.7,0.411,0.35,0.773,1.3,0,0
Trey Burke,2019-20,DAL,27.0,33,15.8,7.4,1.5,2.5,0.5,0.1,0.6,0.45,0.427,0.793,0.8,0,0
Trey Lyles,2019-20,SAS,24.0,63,20.2,6.4,5.7,1.1,0.4,0.4,0.6,0.446,0.387,0.733,-0.9,0,0
Trey Lyles,2021-22,SAC,26.0,75,20.5,10.5,5.1,1.2,0.4,0.4,1.0,0.466,0.321,0.802,-3.0,0,0
Trey Lyles,2022-23,SAC,27.0,74,16.9,7.6,4.1,0.9,0.4,0.4,0.9,0.458,0.363,0.815,1.4,0,0
Trey Lyles,2023-24,SAC,28.0,58,20.0,7.2,4.4,1.2,0.3,0.3,0.7,0.445,0.384,0.7,3.1,0,0
Trey Murphy III,2022-23,NOP,23.0,79,31.0,14.5,3.6,1.4,1.1,0.5,0.8,0.484,0.406,0.905,0.5,0,0
Trey Murphy III,2023-24,NOP,24.0,57,29.7,14.8,4.9,2.2,0.9,0.5,0.6,0.443,0.38,0.815,4.6,0,0
Tristan Thompson,2019-20,CLE,29.0,57,30.2,12.0,10.1,2.1,0.6,0.9,1.8,0.512,0.391,0.615,-6.6,0,0
Tristan Thompson,2020-21,BOS,30.0,54,23.8,7.6,8.1,1.2,0.4,0.6,1.1,0.518,0.0,0.592,0.4,0,0
Tristan Thompson,2021-22,CHI,31.0,57,15.7,6.0,5.1,0.6,0.4,0.4,0.8,0.528,0.333,0.526,-1.1,0,0
Troy Brown Jr.,2019-20,WAS,20.0,69,25.8,10.4,5.6,2.6,1.2,0.1,1.1,0.439,0.341,0.784,-3.3,0,0
Troy Brown Jr.,2020-21,CHI,21.0,34,15.4,4.7,3.1,0.9,0.3,0.2,0.6,0.431,0.314,0.714,0.8,0,0
Troy Brown Jr.,2021-22,CHI,22.0,66,16.0,4.3,3.1,1.0,0.5,0.1,0.4,0.419,0.353,0.769,-0.7,0,0
Troy Brown Jr.,2022-23,LAL,23.0,76,24.5,7.1,4.1,1.3,0.8,0.2,0.6,0.43,0.381,0.872,-0.2,0,0
Ty Jerome,2020-21,OKC,23.0,33,23.9,10.7,2.8,3.6,0.6,0.2,1.4,0.446,0.423,0.765,-4.1,0,0
Ty Jerome,2021-22,OKC,24.0,48,16.7,7.1,1.6,2.3,0.6,0.1,0.8,0.378,0.29,0.809,-0.1,0,0
Ty Jerome,2022-23,GSW,25.0,45,18.1,6.9,1.7,3.0,0.5,0.1,0.7,0.488,0.389,0.927,-2.0,0,0
Tyler Herro,2019-20,MIA,20.0,55,27.4,13.5,4.1,2.2,0.6,0.2,1.6,0.428,0.389,0.87,-0.4,0,0
Tyler Herro,2020-21,MIA,21.0,54,30.3,15.1,5.0,3.4,0.6,0.3,1.9,0.439,0.36,0.803,-1.6,0,0
Tyler Herro,2021-22,MIA,22.0,66,32.6,20.7,5.0,4.0,0.7,0.1,2.6,0.447,0.399,0.868,3.6,0,0
Tyler Herro,2022-23,MIA,23.0,67,34.9,20.1,5.4,4.2,0.8,0.2,2.4,0.439,0.378,0.934,2.5,0,0
Tyler Herro,2023-24,MIA,24.0,42,33.5,20.8,5.3,4.5,0.7,0.1,2.2,0.441,0.396,0.856,0.7,0,0
Tyler Johnson,2019-20,BKN,28.0,39,18.2,7.0,1.9,1.9,0.4,0.2,0.7,0.388,0.319,0.84,-2.6,0,0
Tyler Johnson,2020-21,BKN,29.0,39,17.5,5.4,2.0,1.2,0.4,0.0,0.4,0.393,0.364,0.857,1.2,0,0
Tyrese Haliburton,2020-21,SAC,21.0,58,30.1,13.0,3.0,5.3,1.3,0.5,1.6,0.472,0.409,0.857,-3.1,0,0
Tyrese Haliburton,2021-22,IND,22.0,77,35.0,15.3,4.0,8.2,1.7,0.6,2.6,0.473,0.414,0.842,-4.2,0,0
Tyrese Haliburton,2022-23,IND,23.0,56,33.6,20.7,3.7,10.4,1.6,0.4,2.5,0.49,0.4,0.871,-0.6,1,0
Tyrese Haliburton,2023-24,IND,24.0,69,32.2,20.1,3.9,10.9,1.2,0.7,2.3,0.477,0.364,0.855,4.3,1,1
Tyrese Maxey,2020-21,PHI,20.0,61,15.3,8.0,1.7,2.0,0.4,0.2,0.7,0.462,0.301,0.871,-0.9,0,0
Tyrese Maxey,2021-22,PHI,21.0,75,35.3,17.5,3.2,4.3,0.7,0.4,1.2,0.485,0.427,0.866,2.6,0,0
Tyrese Maxey,2022-23,PHI,22.0,60,33.6,20.3,2.9,3.5,0.8,0.1,1.3,0.481,0.434,0.845,4.0,0,0
Tyrese Maxey,2023-24,PHI,23.0,70,37.5,25.9,3.7,6.2,1.0,0.5,1.7,0.45,0.373,0.868,4.3,1,0
Tyus Jones,2019-20,MEM,24.0,65,19.0,7.4,1.6,4.4,0.9,0.1,0.8,0.459,0.379,0.741,-0.8,0,0
Tyus Jones,2020-21,MEM,25.0,70,17.5,6.3,2.0,3.7,0.9,0.1,0.7,0.431,0.321,0.911,-1.2,0,0
Tyus Jones,2021-22,MEM,26.0,73,21.2,8.7,2.4,4.4,0.9,0.0,0.6,0.451,0.39,0.818,3.5,0,0
Tyus Jones,2022-23,MEM,27.0,80,24.2,10.3,2.5,5.2,1.0,0.1,0.9,0.438,0.371,0.806,1.2,0,0
Tyus Jones,2023-24,WAS,28.0,66,29.3,12.0,2.7,7.3,1.1,0.3,1.0,0.489,0.414,0.8,-7.5,0,0
Vasilije Micic,2023-24,CHA,30.0,60,19.6,7.0,1.5,4.4,0.5,0.1,1.7,0.43,0.279,0.813,-1.2,0,0
Victor Oladipo,2020-21,MIA,29.0,33,32.7,19.8,4.8,4.6,1.4,0.4,2.5,0.408,0.326,0.754,-2.2,0,0
Victor Oladipo,2022-23,MIA,31.0,42,26.3,10.7,3.0,3.5,1.4,0.3,2.1,0.397,0.33,0.747,-0.8,0,0
Victor Wembanyama,2023-24,SAS,20.0,71,29.7,21.4,10.6,3.9,1.2,3.6,3.7,0.465,0.325,0.796,-2.0,0,0
Vince Williams Jr.,2023-24,MEM,23.0,52,27.6,10.0,5.6,3.4,0.9,0.7,1.8,0.446,0.378,0.8,-1.8,0,0
Vít Krejčí,2021-22,OKC,22.0,30,23.0,6.2,3.4,1.9,0.6,0.3,1.0,0.407,0.327,0.864,-6.0,0,0
Walker Kessler,2022-23,UTA,21.0,74,23.0,9.2,8.4,0.9,0.4,2.3,0.8,0.72,0.333,0.516,1.0,0,0
Walker Kessler,2023-24,UTA,22.0,64,23.3,8.1,7.5,0.9,0.5,2.4,1.0,0.654,0.211,0.602,-2.3,0,0
Wayne Ellington,2019-20,NYK,32.0,36,15.5,5.1,1.8,1.2,0.4,0.1,0.5,0.351,0.35,0.846,-0.5,0,0
Wayne Ellington,2020-21,DET,33.0,46,22.0,9.6,1.8,1.5,0.4,0.2,0.7,0.441,0.422,0.8,-1.5,0,0
Wayne Ellington,2021-22,LAL,34.0,43,18.8,6.7,1.8,0.7,0.5,0.1,0.4,0.414,0.389,0.818,-1.4,0,0
Wendell Carter Jr.,2019-20,CHI,21.0,43,29.2,11.3,9.4,1.2,0.8,0.8,1.7,0.534,0.207,0.737,-0.7,0,0
Wendell Carter Jr.,2020-21,ORL,22.0,54,25.5,11.2,8.2,1.9,0.6,0.8,1.4,0.503,0.294,0.732,-4.5,0,0
Wendell Carter Jr.,2021-22,ORL,23.0,62,29.9,15.0,10.5,2.8,0.6,0.7,1.9,0.525,0.327,0.691,-2.2,0,0
Wendell Carter Jr.,2022-23,ORL,24.0,57,29.6,15.2,8.7,2.3,0.5,0.6,1.9,0.525,0.356,0.738,-0.7,0,0
Wendell Carter Jr.,2023-24,ORL,25.0,55,25.6,11.0,6.9,1.7,0.6,0.5,1.2,0.525,0.374,0.694,0.9,0,0
Wenyen Gabriel,2022-23,LAL,26.0,68,15.1,5.5,4.2,0.5,0.4,0.5,0.7,0.596,0.278,0.619,-0.5,0,0
Wes Iwundu,2019-20,ORL,25.0,52,18.3,5.8,2.5,1.2,0.5,0.3,0.5,0.416,0.341,0.804,0.2,0,0
Wesley Matthews,2019-20,MIL,33.0,67,24.4,7.4,2.5,1.4,0.6,0.1,0.6,0.396,0.364,0.765,6.8,0,0
Wesley Matthews,2020-21,LAL,34.0,58,19.5,4.8,1.6,0.9,0.7,0.3,0.4,0.353,0.335,0.854,0.7,0,0
Wesley Matthews,2021-22,MIL,35.0,49,20.5,5.1,1.9,0.7,0.5,0.2,0.4,0.395,0.338,0.786,2.8,0,0
Wesley Matthews,2022-23,MIL,36.0,52,15.8,3.4,2.2,0.7,0.4,0.3,0.3,0.363,0.315,0.857,1.0,0,0
Will Barton,2019-20,DEN,29.0,58,33.0,15.1,6.3,3.7,1.1,0.5,1.5,0.45,0.375,0.767,4.2,0,0
Will Barton,2020-21,DEN,30.0,56,31.0,12.7,4.0,3.2,0.9,0.4,1.7,0.426,0.381,0.785,4.1,0,0
Will Barton,2021-22,DEN,31.0,71,32.1,14.7,4.8,3.9,0.8,0.4,1.8,0.438,0.365,0.803,1.4,0,0
Will Barton,2022-23,TOR,32.0,56,17.7,6.8,2.4,2.0,0.5,0.2,0.9,0.379,0.367,0.787,-3.0,0,0
Willie Cauley-Stein,2019-20,DAL,26.0,54,20.3,7.2,5.8,1.3,0.9,1.1,0.7,0.579,0.0,0.606,-2.4,0,0
Willie Cauley-Stein,2020-21,DAL,27.0,53,17.1,5.3,4.5,0.7,0.4,0.8,0.5,0.632,0.091,0.628,2.6,0,0
Willy Hernangomez,2020-21,NOP,27.0,47,18.0,7.8,7.1,1.1,0.5,0.5,0.7,0.563,0.1,0.667,-0.3,0,0
Willy Hernangomez,2021-22,NOP,28.0,50,16.8,9.1,6.8,1.3,0.4,0.4,1.0,0.52,0.333,0.773,-0.9,0,0
Wilson Chandler,2019-20,BKN,33.0,35,21.0,5.9,4.1,1.1,0.5,0.3,1.0,0.404,0.306,0.87,-3.4,0,0
Xavier Tillman,2020-21,MEM,22.0,59,18.4,6.6,4.3,1.3,0.7,0.6,0.8,0.559,0.338,0.642,0.6,0,0
Xavier Tillman,2022-23,MEM,24.0,61,19.3,7.0,5.0,1.6,1.0,0.5,0.7,0.614,0.267,0.551,0.0,0,0
Xavier Tillman,2023-24,BOS,25.0,54,18.0,5.3,3.9,1.4,0.9,0.8,0.6,0.434,0.247,0.44,-1.1,0,0
Yuta Watanabe,2022-23,BKN,28.0,58,16.0,5.6,2.4,0.8,0.4,0.3,0.4,0.491,0.444,0.723,-0.1,0,0
Zach Collins,2022-23,SAS,25.0,63,22.9,11.6,6.4,2.9,0.6,0.8,2.0,0.518,0.374,0.761,-3.8,0,0
Zach Collins,2023-24,SAS,26.0,69,22.1,11.2,5.4,2.8,0.5,0.8,1.9,0.484,0.32,0.753,-5.7,0,0
Zach LaVine,2019-20,CHI,25.0,60,34.8,25.5,4.8,4.2,1.5,0.5,3.4,0.45,0.38,0.802,-3.2,0,0
Zach LaVine,2020-21,CHI,26.0,58,35.1,27.4,5.0,4.9,0.8,0.5,3.5,0.507,0.419,0.849,-0.2,1,0
Zach LaVine,2021-22,CHI,27.0,67,34.7,24.4,4.6,4.5,0.6,0.3,2.6,0.476,0.389,0.853,-0.4,1,1
Zach LaVine,2022-23,CHI,28.0,77,35.9,24.8,4.5,4.2,0.9,0.2,2.5,0.485,0.375,0.848,0.2,0,2
Zeke Nnaji,2021-22,DEN,21.0,41,17.0,6.6,3.6,0.4,0.4,0.3,0.6,0.516,0.463,0.631,-1.1,0,0
Ziaire Williams,2021-22,MEM,20.0,62,21.7,8.1,2.1,1.0,0.6,0.2,0.7,0.45,0.314,0.782,2.0,0,0
Ziaire Williams,2022-23,MEM,21.0,37,15.2,5.7,2.1,0.9,0.4,0.2,1.0,0.429,0.258,0.773,-2.1,0,0
Ziaire Williams,2023-24,MEM,22.0,51,20.3,8.2,3.5,1.5,0.7,0.2,1.3,0.397,0.307,0.827,-4.8,0,0
Zion Williamson,2020-21,NOP,20.0,61,33.2,27.0,7.2,3.7,0.9,0.6,2.7,0.611,0.294,0.698,1.5,0,0
Zion Williamson,2023-24,NOP,23.0,70,31.5,22.9,5.8,5.0,1.1,0.7,2.8,0.57,0.333,0.702,2.0,0,0
